-- MariaDB dump 10.19  Distrib 10.8.3-MariaDB, for osx10.17 (arm64)
--
-- Host: localhost    Database: user
-- ------------------------------------------------------
-- Server version	10.8.3-MariaDB

/*!40101 SET @OLD_CHARACTER_SET_CLIENT=@@CHARACTER_SET_CLIENT */;
/*!40101 SET @OLD_CHARACTER_SET_RESULTS=@@CHARACTER_SET_RESULTS */;
/*!40101 SET @OLD_COLLATION_CONNECTION=@@COLLATION_CONNECTION */;
/*!40101 SET NAMES utf8mb4 */;
/*!40103 SET @OLD_TIME_ZONE=@@TIME_ZONE */;
/*!40103 SET TIME_ZONE='+00:00' */;
/*!40014 SET @OLD_UNIQUE_CHECKS=@@UNIQUE_CHECKS, UNIQUE_CHECKS=0 */;
/*!40014 SET @OLD_FOREIGN_KEY_CHECKS=@@FOREIGN_KEY_CHECKS, FOREIGN_KEY_CHECKS=0 */;
/*!40101 SET @OLD_SQL_MODE=@@SQL_MODE, SQL_MODE='NO_AUTO_VALUE_ON_ZERO' */;
/*!40111 SET @OLD_SQL_NOTES=@@SQL_NOTES, SQL_NOTES=0 */;

--
-- Table structure for table `bpressure`
--

DROP TABLE IF EXISTS `bpressure`;
DROP TABLE IF EXISTS `bsugar`;
DROP TABLE IF EXISTS `medicine_detail`;
DROP TABLE IF EXISTS `medicine`;
DROP TABLE IF EXISTS `meal_detail`;
DROP TABLE IF EXISTS `meal`;
DROP TABLE IF EXISTS `record`;
DROP TABLE IF EXISTS `user`;
DROP TABLE IF EXISTS `user_refresh_token`;

--
-- Table structure for table `user`
--

/*!40101 SET @saved_cs_client     = @@character_set_client */;
/*!40101 SET character_set_client = utf8 */;
CREATE TABLE `user` (
                        `user_seq` bigint(20) NOT NULL AUTO_INCREMENT,
                        `created_at` datetime(6) DEFAULT NULL,
                        `modified_at` datetime(6) DEFAULT NULL,
                        `active` tinyint(1) NOT NULL,
                        `email` varchar(512) NOT NULL,
                        `email_verified_yn` varchar(1) NOT NULL,
                        `height` int(11) DEFAULT NULL,
                        `password` varchar(128) NOT NULL,
                        `profile_image_url` varchar(512) NOT NULL,
                        `provider_type` varchar(20) NOT NULL,
                        `role_type` varchar(20) NOT NULL,
                        `sex` varchar(1) DEFAULT NULL,
                        `user_id` varchar(64) NOT NULL,
                        `username` varchar(100) NOT NULL,
                        `weight` int(11) DEFAULT NULL,
                        `age` int(11) DEFAULT NULL,
                        `diabete_code` int(11) DEFAULT NULL,
                        `point` int(11) DEFAULT 0,
                        PRIMARY KEY (`user_seq`),
                        UNIQUE KEY `UK_a3imlf41l37utmxiquukk8ajc` (`user_id`)
) ENGINE=InnoDB AUTO_INCREMENT=8 DEFAULT CHARSET=utf8mb4;
/*!40101 SET character_set_client = @saved_cs_client */;

--
-- Dumping data for table `user`
--

LOCK TABLES `user` WRITE;
/*!40000 ALTER TABLE `user` DISABLE KEYS */;
INSERT INTO `user` VALUES
                       (2,'2022-07-30 19:13:28.284698','2022-09-09 01:16:48.762119',1,'NO_EMAIL','Y',1231234,'NO_PASS','http://k.kakaocdn.net/dn/hSJFV/btreg2RIL0j/qsB7yCdkQMwJEGtgmrqTzK/img_110x110.jpg','KAKAO','USER','M','2343341101','박서진',1231234,17,NULL,0),
                       (3,'2022-08-05 16:03:00.944198','2022-08-05 16:03:00.944198',1,'NO_EMAIL','Y',NULL,'NO_PASS','http://k.kakaocdn.net/dn/dpk9l1/btqmGhA2lKL/Oz0wDuJn1YV2DIn92f6DVK/img_110x110.jpg','KAKAO','USER',NULL,'2375722938','이지상',NULL,NULL,NULL,0),
                       (6,'2022-08-16 14:50:49.764608','2022-08-16 14:50:49.764608',1,'NO_EMAIL','Y',NULL,'NO_PASS','test.com','KAKAO','USER',NULL,'testtesttest','test1234',NULL,NULL,NULL,0);
/*!40000 ALTER TABLE `user` ENABLE KEYS */;
UNLOCK TABLES;

--
-- Table structure for table `user_refresh_token`
--

/*!40101 SET @saved_cs_client     = @@character_set_client */;
/*!40101 SET character_set_client = utf8 */;
CREATE TABLE `user_refresh_token` (
                                      `refresh_token_seq` bigint(20) NOT NULL AUTO_INCREMENT,
                                      `refresh_token` varchar(256) NOT NULL,
                                      `user_id` varchar(64) NOT NULL,
                                      PRIMARY KEY (`refresh_token_seq`),
                                      UNIQUE KEY `UK_qca3mjxv5a1egwmn4wnbplfkt` (`user_id`)
) ENGINE=InnoDB AUTO_INCREMENT=5 DEFAULT CHARSET=utf8mb4;
/*!40101 SET character_set_client = @saved_cs_client */;

--
-- Dumping data for table `user_refresh_token`
--

LOCK TABLES `user_refresh_token` WRITE;
/*!40000 ALTER TABLE `user_refresh_token` DISABLE KEYS */;
INSERT INTO `user_refresh_token` VALUES
                                     (1,'eyJhbGciOiJIUzI1NiJ9.eyJzdWIiOiI5MjZEOTZDOTAwMzBERDU4NDI5RDI3NTFBQzFCREJCQSIsInJvbGUiOiJST0xFX1VTRVIiLCJleHAiOjE2NTk3ODA1MjN9.wO15Ku9gMqNaHkVW3LqoQ6teAZDlce5slJCYlIIHsW0','2366870340'),
                                     (3,'eyJhbGciOiJIUzI1NiJ9.eyJzdWIiOiI5MjZEOTZDOTAwMzBERDU4NDI5RDI3NTFBQzFCREJCQSIsInJvbGUiOiJST0xFX1VTRVIiLCJleHAiOjE2NjAyODc3ODB9.786N3ZA_SSLOB98GhByyZ5BBK1sYv8vDDDcAME9sjWE','2375722938'),
                                     (4,'eyJhbGciOiJIUzI1NiJ9.eyJzdWIiOiI5MjZEOTZDOTAwMzBERDU4NDI5RDI3NTFBQzFCREJCUSIsInJvbGUiOiJST0xFX1VTRVIiLCJleHAiOjEwMzAwNDYxMDQ5fQ.qDyoYM6xHiGu1aG9qX0tahC1k2Bh3NPnvz5D-oHrPH4','2343341101');
/*!40000 ALTER TABLE `user_refresh_token` ENABLE KEYS */;
UNLOCK TABLES;


/*!40101 SET @saved_cs_client     = @@character_set_client */;
/*!40101 SET character_set_client = utf8 */;
CREATE TABLE `record` (
                          `rtype` varchar(31) NOT NULL,
                          `record_id` bigint(20) NOT NULL AUTO_INCREMENT,
                          `created_at` datetime(6) DEFAULT NULL,
                          `modified_at` datetime(6) DEFAULT NULL,
                          `record_date` varchar(40) NOT NULL,
                          `time_tag` varchar(255) NOT NULL,
                          `user_seq` bigint(20) DEFAULT NULL,
                          PRIMARY KEY (`record_id`),
                          KEY `FKsxbidnfj9i44ablldyatifg74` (`user_seq`),
                          CONSTRAINT `FKsxbidnfj9i44ablldyatifg74` FOREIGN KEY (`user_seq`) REFERENCES `user` (`user_seq`)
) ENGINE=InnoDB AUTO_INCREMENT=21 DEFAULT CHARSET=utf8mb4;
/*!40101 SET character_set_client = @saved_cs_client */;

LOCK TABLES `record` WRITE;
/*!40000 ALTER TABLE `record` DISABLE KEYS */;
INSERT INTO `record` VALUES
                         ('PRESSURE',1, '2022-09-26 11:45:52.115504', '2022-09-26 11:45:52.115504', '2022-09-01 09:45:52.115504','아침',2),
                         ('PRESSURE',2, '2022-09-26 11:45:52.115504', '2022-09-26 11:45:52.115504', '2022-09-01 12:45:52.115504','점심',2),
                         ('PRESSURE',3, '2022-09-26 11:45:52.115504', '2022-09-26 11:45:52.115504', '2022-09-01 18:45:52.115504','저녁',2),
                         ('PRESSURE',4, '2022-09-26 11:45:52.115504', '2022-09-26 11:45:52.115504', '2022-09-02 09:45:52.115504','아침',2),
                         ('PRESSURE',5, '2022-09-26 11:45:52.115504', '2022-09-26 11:45:52.115504', '2022-09-02 12:45:52.115504','점심',2),
                         ('PRESSURE',6, '2022-09-26 11:45:52.115504', '2022-09-26 11:45:52.115504', '2022-09-02 18:45:52.115504','저녁',2),
                         ('PRESSURE',7, '2022-09-26 11:45:52.115504', '2022-09-26 11:45:52.115504', '2022-09-03 09:45:52.115504','아침',2),
                         ('PRESSURE',8, '2022-09-26 11:45:52.115504', '2022-09-26 11:45:52.115504', '2022-09-03 12:45:52.115504','점심',2),
                         ('PRESSURE',9, '2022-09-26 11:45:52.115504', '2022-09-26 11:45:52.115504', '2022-09-03 18:45:52.115504','저녁',2),
                         ('PRESSURE',10, '2022-09-26 11:45:52.115504', '2022-09-26 11:45:52.115504', '2022-09-04 09:45:52.115504','아침',2),
                         ('PRESSURE',11, '2022-09-26 11:45:52.115504', '2022-09-26 11:45:52.115504', '2022-09-04 12:45:52.115504','점심',2),
                         ('PRESSURE',12, '2022-09-26 11:45:52.115504', '2022-09-26 11:45:52.115504', '2022-09-04 18:45:52.115504','저녁',2),
                         ('PRESSURE',13, '2022-09-26 11:45:52.115504', '2022-09-26 11:45:52.115504', '2022-09-05 09:45:52.115504','아침',2),
                         ('PRESSURE',14, '2022-09-26 11:45:52.115504', '2022-09-26 11:45:52.115504', '2022-09-05 12:45:52.115504','점심',2),
                         ('PRESSURE',15, '2022-09-26 11:45:52.115504', '2022-09-26 11:45:52.115504', '2022-09-05 18:45:52.115504','저녁',2),
                         ('PRESSURE',16, '2022-09-26 11:45:52.115504', '2022-09-26 11:45:52.115504', '2022-09-06 09:45:52.115504','아침',2),
                         ('PRESSURE',17, '2022-09-26 11:45:52.115504', '2022-09-26 11:45:52.115504', '2022-09-06 12:45:52.115504','점심',2),
                         ('PRESSURE',18, '2022-09-26 11:45:52.115504', '2022-09-26 11:45:52.115504', '2022-09-06 18:45:52.115504','저녁',2),
                         ('PRESSURE',19, '2022-09-26 11:45:52.115504', '2022-09-26 11:45:52.115504', '2022-09-07 09:45:52.115504','아침',2),
                         ('PRESSURE',20, '2022-09-26 11:45:52.115504', '2022-09-26 11:45:52.115504', '2022-09-07 12:45:52.115504','점심',2),
                         ('PRESSURE',21, '2022-09-26 11:45:52.115504', '2022-09-26 11:45:52.115504', '2022-09-07 18:45:52.115504','저녁',2),
                         ('PRESSURE',22, '2022-09-26 11:45:52.115504', '2022-09-26 11:45:52.115504', '2022-09-08 09:45:52.115504','아침',2),
                         ('PRESSURE',23, '2022-09-26 11:45:52.115504', '2022-09-26 11:45:52.115504', '2022-09-08 12:45:52.115504','점심',2),
                         ('PRESSURE',24, '2022-09-26 11:45:52.115504', '2022-09-26 11:45:52.115504', '2022-09-08 18:45:52.115504','저녁',2),
                         ('PRESSURE',25, '2022-09-26 11:45:52.115504', '2022-09-26 11:45:52.115504', '2022-09-09 09:45:52.115504','아침',2),
                         ('PRESSURE',26, '2022-09-26 11:45:52.115504', '2022-09-26 11:45:52.115504', '2022-09-09 12:45:52.115504','점심',2),
                         ('PRESSURE',27, '2022-09-26 11:45:52.115504', '2022-09-26 11:45:52.115504', '2022-09-09 18:45:52.115504','저녁',2),
                         ('PRESSURE',28, '2022-09-26 11:45:52.115504', '2022-09-26 11:45:52.115504', '2022-09-10 09:45:52.115504','아침',2),
                         ('PRESSURE',29, '2022-09-26 11:45:52.115504', '2022-09-26 11:45:52.115504', '2022-09-10 12:45:52.115504','점심',2),
                         ('PRESSURE',30, '2022-09-26 11:45:52.115504', '2022-09-26 11:45:52.115504', '2022-09-10 18:45:52.115504','저녁',2),
                         ('PRESSURE',31, '2022-09-26 11:45:52.115504', '2022-09-26 11:45:52.115504', '2022-09-11 09:45:52.115504','아침',2),
                         ('PRESSURE',32, '2022-09-26 11:45:52.115504', '2022-09-26 11:45:52.115504', '2022-09-11 12:45:52.115504','점심',2),
                         ('PRESSURE',33, '2022-09-26 11:45:52.115504', '2022-09-26 11:45:52.115504', '2022-09-11 18:45:52.115504','저녁',2),
                         ('PRESSURE',34, '2022-09-26 11:45:52.115504', '2022-09-26 11:45:52.115504', '2022-09-12 09:45:52.115504','아침',2),
                         ('PRESSURE',35, '2022-09-26 11:45:52.115504', '2022-09-26 11:45:52.115504', '2022-09-12 12:45:52.115504','점심',2),
                         ('PRESSURE',36, '2022-09-26 11:45:52.115504', '2022-09-26 11:45:52.115504', '2022-09-12 18:45:52.115504','저녁',2),
                         ('PRESSURE',37, '2022-09-26 11:45:52.115504', '2022-09-26 11:45:52.115504', '2022-09-13 09:45:52.115504','아침',2),
                         ('PRESSURE',38, '2022-09-26 11:45:52.115504', '2022-09-26 11:45:52.115504', '2022-09-13 12:45:52.115504','점심',2),
                         ('PRESSURE',39, '2022-09-26 11:45:52.115504', '2022-09-26 11:45:52.115504', '2022-09-13 18:45:52.115504','저녁',2),
                         ('PRESSURE',40, '2022-09-26 11:45:52.115504', '2022-09-26 11:45:52.115504', '2022-09-14 09:45:52.115504','아침',2),
                         ('PRESSURE',41, '2022-09-26 11:45:52.115504', '2022-09-26 11:45:52.115504', '2022-09-14 12:45:52.115504','점심',2),
                         ('PRESSURE',42, '2022-09-26 11:45:52.115504', '2022-09-26 11:45:52.115504', '2022-09-14 18:45:52.115504','저녁',2),
                         ('PRESSURE',43, '2022-09-26 11:45:52.115504', '2022-09-26 11:45:52.115504', '2022-09-15 09:45:52.115504','아침',2),
                         ('PRESSURE',44, '2022-09-26 11:45:52.115504', '2022-09-26 11:45:52.115504', '2022-09-15 12:45:52.115504','점심',2),
                         ('PRESSURE',45, '2022-09-26 11:45:52.115504', '2022-09-26 11:45:52.115504', '2022-09-15 18:45:52.115504','저녁',2),
                         ('PRESSURE',46, '2022-09-26 11:45:52.115504', '2022-09-26 11:45:52.115504', '2022-09-16 09:45:52.115504','아침',2),
                         ('PRESSURE',47, '2022-09-26 11:45:52.115504', '2022-09-26 11:45:52.115504', '2022-09-16 12:45:52.115504','점심',2),
                         ('PRESSURE',48, '2022-09-26 11:45:52.115504', '2022-09-26 11:45:52.115504', '2022-09-16 18:45:52.115504','저녁',2),
                         ('PRESSURE',49, '2022-09-26 11:45:52.115504', '2022-09-26 11:45:52.115504', '2022-09-17 09:45:52.115504','아침',2),
                         ('PRESSURE',50, '2022-09-26 11:45:52.115504', '2022-09-26 11:45:52.115504', '2022-09-17 12:45:52.115504','점심',2),
                         ('PRESSURE',51, '2022-09-26 11:45:52.115504', '2022-09-26 11:45:52.115504', '2022-09-17 18:45:52.115504','저녁',2),
                         ('PRESSURE',52, '2022-09-26 11:45:52.115504', '2022-09-26 11:45:52.115504', '2022-09-18 09:45:52.115504','아침',2),
                         ('PRESSURE',53, '2022-09-26 11:45:52.115504', '2022-09-26 11:45:52.115504', '2022-09-18 12:45:52.115504','점심',2),
                         ('PRESSURE',54, '2022-09-26 11:45:52.115504', '2022-09-26 11:45:52.115504', '2022-09-18 18:45:52.115504','저녁',2),
                         ('PRESSURE',55, '2022-09-26 11:45:52.115504', '2022-09-26 11:45:52.115504', '2022-09-19 09:45:52.115504','아침',2),
                         ('PRESSURE',56, '2022-09-26 11:45:52.115504', '2022-09-26 11:45:52.115504', '2022-09-19 12:45:52.115504','점심',2),
                         ('PRESSURE',57, '2022-09-26 11:45:52.115504', '2022-09-26 11:45:52.115504', '2022-09-19 18:45:52.115504','저녁',2),
                         ('PRESSURE',58, '2022-09-26 11:45:52.115504', '2022-09-26 11:45:52.115504', '2022-09-20 09:45:52.115504','아침',2),
                         ('PRESSURE',59, '2022-09-26 11:45:52.115504', '2022-09-26 11:45:52.115504', '2022-09-20 12:45:52.115504','점심',2),
                         ('PRESSURE',60, '2022-09-26 11:45:52.115504', '2022-09-26 11:45:52.115504', '2022-09-20 18:45:52.115504','저녁',2),
                         ('PRESSURE',61, '2022-09-26 11:45:52.115504', '2022-09-26 11:45:52.115504', '2022-09-21 09:45:52.115504','아침',2),
                         ('PRESSURE',62, '2022-09-26 11:45:52.115504', '2022-09-26 11:45:52.115504', '2022-09-21 12:45:52.115504','점심',2),
                         ('PRESSURE',63, '2022-09-26 11:45:52.115504', '2022-09-26 11:45:52.115504', '2022-09-21 18:45:52.115504','저녁',2),
                         ('PRESSURE',64, '2022-09-26 11:45:52.115504', '2022-09-26 11:45:52.115504', '2022-09-22 09:45:52.115504','아침',2),
                         ('PRESSURE',65, '2022-09-26 11:45:52.115504', '2022-09-26 11:45:52.115504', '2022-09-22 12:45:52.115504','점심',2),
                         ('PRESSURE',66, '2022-09-26 11:45:52.115504', '2022-09-26 11:45:52.115504', '2022-09-22 18:45:52.115504','저녁',2),
                         ('PRESSURE',67, '2022-09-26 11:45:52.115504', '2022-09-26 11:45:52.115504', '2022-09-23 09:45:52.115504','아침',2),
                         ('PRESSURE',68, '2022-09-26 11:45:52.115504', '2022-09-26 11:45:52.115504', '2022-09-23 12:45:52.115504','점심',2),
                         ('PRESSURE',69, '2022-09-26 11:45:52.115504', '2022-09-26 11:45:52.115504', '2022-09-23 18:45:52.115504','저녁',2),
                         ('PRESSURE',70, '2022-09-26 11:45:52.115504', '2022-09-26 11:45:52.115504', '2022-09-24 09:45:52.115504','아침',2),
                         ('PRESSURE',71, '2022-09-26 11:45:52.115504', '2022-09-26 11:45:52.115504', '2022-09-24 12:45:52.115504','점심',2),
                         ('PRESSURE',72, '2022-09-26 11:45:52.115504', '2022-09-26 11:45:52.115504', '2022-09-24 18:45:52.115504','저녁',2),
                         ('PRESSURE',73, '2022-09-26 11:45:52.115504', '2022-09-26 11:45:52.115504', '2022-09-25 09:45:52.115504','아침',2),
                         ('PRESSURE',74, '2022-09-26 11:45:52.115504', '2022-09-26 11:45:52.115504', '2022-09-25 12:45:52.115504','점심',2),
                         ('PRESSURE',75, '2022-09-26 11:45:52.115504', '2022-09-26 11:45:52.115504', '2022-09-25 18:45:52.115504','저녁',2),
                         ('PRESSURE',76, '2022-09-26 11:45:52.115504', '2022-09-26 11:45:52.115504', '2022-09-26 09:45:52.115504','아침',2),
                         ('PRESSURE',77, '2022-09-26 11:45:52.115504', '2022-09-26 11:45:52.115504', '2022-09-26 12:45:52.115504','점심',2),
                         ('PRESSURE',78, '2022-09-26 11:45:52.115504', '2022-09-26 11:45:52.115504', '2022-09-26 18:45:52.115504','저녁',2),
                         ('PRESSURE',79, '2022-09-26 11:45:52.115504', '2022-09-26 11:45:52.115504', '2022-09-27 09:45:52.115504','아침',2),
                         ('PRESSURE',80, '2022-09-26 11:45:52.115504', '2022-09-26 11:45:52.115504', '2022-09-27 12:45:52.115504','점심',2),
                         ('PRESSURE',81, '2022-09-26 11:45:52.115504', '2022-09-26 11:45:52.115504', '2022-09-27 18:45:52.115504','저녁',2),
                         ('PRESSURE',82, '2022-09-26 11:45:52.115504', '2022-09-26 11:45:52.115504', '2022-09-28 09:45:52.115504','아침',2),
                         ('PRESSURE',83, '2022-09-26 11:45:52.115504', '2022-09-26 11:45:52.115504', '2022-09-28 12:45:52.115504','점심',2),
                         ('PRESSURE',84, '2022-09-26 11:45:52.115504', '2022-09-26 11:45:52.115504', '2022-09-28 18:45:52.115504','저녁',2),
                         ('PRESSURE',85, '2022-09-26 11:45:52.115504', '2022-09-26 11:45:52.115504', '2022-09-29 09:45:52.115504','아침',2),
                         ('PRESSURE',86, '2022-09-26 11:45:52.115504', '2022-09-26 11:45:52.115504', '2022-09-29 12:45:52.115504','점심',2),
                         ('PRESSURE',87, '2022-09-26 11:45:52.115504', '2022-09-26 11:45:52.115504', '2022-09-29 18:45:52.115504','저녁',2),
                         ('PRESSURE',88, '2022-09-26 11:45:52.115504', '2022-09-26 11:45:52.115504', '2022-09-30 09:45:52.115504','아침',2),
                         ('PRESSURE',89, '2022-09-26 11:45:52.115504', '2022-09-26 11:45:52.115504', '2022-09-30 12:45:52.115504','점심',2),
                         ('PRESSURE',90, '2022-09-26 11:45:52.115504', '2022-09-26 11:45:52.115504', '2022-09-30 18:45:52.115504','저녁',2),
-- blood pressure dummy data end

                         ('SUGAR',91, '2022-09-26 11:45:52.115504', '2022-09-26 11:45:52.115504', '2022-09-01 08:45:52','아침 식전',2),
                         ('SUGAR',92, '2022-09-26 11:45:52.115504', '2022-09-26 11:45:52.115504', '2022-09-01 08:45:52','아침 식후',2),
                         ('SUGAR',93, '2022-09-26 11:45:52.115504', '2022-09-26 11:45:52.115504', '2022-09-01 11:45:52','점심 식전',2),
                         ('SUGAR',94, '2022-09-26 11:45:52.115504', '2022-09-26 11:45:52.115504', '2022-09-01 13:45:52','점심 식후',2),
                         ('SUGAR',95, '2022-09-26 11:45:52.115504', '2022-09-26 11:45:52.115504', '2022-09-01 17:45:52','저녁 식전',2),
                         ('SUGAR',96, '2022-09-26 11:45:52.115504', '2022-09-26 11:45:52.115504', '2022-09-01 19:45:52','저녁 식후',2),
                         ('SUGAR',97, '2022-09-26 11:45:52.115504', '2022-09-26 11:45:52.115504', '2022-09-02 08:45:52','아침 식전',2),
                         ('SUGAR',98, '2022-09-26 11:45:52.115504', '2022-09-26 11:45:52.115504', '2022-09-02 08:45:52','아침 식후',2),
                         ('SUGAR',99, '2022-09-26 11:45:52.115504', '2022-09-26 11:45:52.115504', '2022-09-02 11:45:52','점심 식전',2),
                         ('SUGAR',100, '2022-09-26 11:45:52.115504', '2022-09-26 11:45:52.115504', '2022-09-02 13:45:52','점심 식후',2),
                         ('SUGAR',101, '2022-09-26 11:45:52.115504', '2022-09-26 11:45:52.115504', '2022-09-02 17:45:52','저녁 식전',2),
                         ('SUGAR',102, '2022-09-26 11:45:52.115504', '2022-09-26 11:45:52.115504', '2022-09-02 19:45:52','저녁 식후',2),
                         ('SUGAR',103, '2022-09-26 11:45:52.115504', '2022-09-26 11:45:52.115504', '2022-09-03 08:45:52','아침 식전',2),
                         ('SUGAR',104, '2022-09-26 11:45:52.115504', '2022-09-26 11:45:52.115504', '2022-09-03 08:45:52','아침 식후',2),
                         ('SUGAR',105, '2022-09-26 11:45:52.115504', '2022-09-26 11:45:52.115504', '2022-09-03 11:45:52','점심 식전',2),
                         ('SUGAR',106, '2022-09-26 11:45:52.115504', '2022-09-26 11:45:52.115504', '2022-09-03 13:45:52','점심 식후',2),
                         ('SUGAR',107, '2022-09-26 11:45:52.115504', '2022-09-26 11:45:52.115504', '2022-09-03 17:45:52','저녁 식전',2),
                         ('SUGAR',108, '2022-09-26 11:45:52.115504', '2022-09-26 11:45:52.115504', '2022-09-03 19:45:52','저녁 식후',2),
                         ('SUGAR',109, '2022-09-26 11:45:52.115504', '2022-09-26 11:45:52.115504', '2022-09-04 08:45:52','아침 식전',2),
                         ('SUGAR',110, '2022-09-26 11:45:52.115504', '2022-09-26 11:45:52.115504', '2022-09-04 08:45:52','아침 식후',2),
                         ('SUGAR',111, '2022-09-26 11:45:52.115504', '2022-09-26 11:45:52.115504', '2022-09-04 11:45:52','점심 식전',2),
                         ('SUGAR',112, '2022-09-26 11:45:52.115504', '2022-09-26 11:45:52.115504', '2022-09-04 13:45:52','점심 식후',2),
                         ('SUGAR',113, '2022-09-26 11:45:52.115504', '2022-09-26 11:45:52.115504', '2022-09-04 17:45:52','저녁 식전',2),
                         ('SUGAR',114, '2022-09-26 11:45:52.115504', '2022-09-26 11:45:52.115504', '2022-09-04 19:45:52','저녁 식후',2),
                         ('SUGAR',115, '2022-09-26 11:45:52.115504', '2022-09-26 11:45:52.115504', '2022-09-05 08:45:52','아침 식전',2),
                         ('SUGAR',116, '2022-09-26 11:45:52.115504', '2022-09-26 11:45:52.115504', '2022-09-05 08:45:52','아침 식후',2),
                         ('SUGAR',117, '2022-09-26 11:45:52.115504', '2022-09-26 11:45:52.115504', '2022-09-05 11:45:52','점심 식전',2),
                         ('SUGAR',118, '2022-09-26 11:45:52.115504', '2022-09-26 11:45:52.115504', '2022-09-05 13:45:52','점심 식후',2),
                         ('SUGAR',119, '2022-09-26 11:45:52.115504', '2022-09-26 11:45:52.115504', '2022-09-05 17:45:52','저녁 식전',2),
                         ('SUGAR',120, '2022-09-26 11:45:52.115504', '2022-09-26 11:45:52.115504', '2022-09-05 19:45:52','저녁 식후',2),
                         ('SUGAR',121, '2022-09-26 11:45:52.115504', '2022-09-26 11:45:52.115504', '2022-09-06 08:45:52','아침 식전',2),
                         ('SUGAR',122, '2022-09-26 11:45:52.115504', '2022-09-26 11:45:52.115504', '2022-09-06 08:45:52','아침 식후',2),
                         ('SUGAR',123, '2022-09-26 11:45:52.115504', '2022-09-26 11:45:52.115504', '2022-09-06 11:45:52','점심 식전',2),
                         ('SUGAR',124, '2022-09-26 11:45:52.115504', '2022-09-26 11:45:52.115504', '2022-09-06 13:45:52','점심 식후',2),
                         ('SUGAR',125, '2022-09-26 11:45:52.115504', '2022-09-26 11:45:52.115504', '2022-09-06 17:45:52','저녁 식전',2),
                         ('SUGAR',126, '2022-09-26 11:45:52.115504', '2022-09-26 11:45:52.115504', '2022-09-06 19:45:52','저녁 식후',2),
                         ('SUGAR',127, '2022-09-26 11:45:52.115504', '2022-09-26 11:45:52.115504', '2022-09-07 08:45:52','아침 식전',2),
                         ('SUGAR',128, '2022-09-26 11:45:52.115504', '2022-09-26 11:45:52.115504', '2022-09-07 08:45:52','아침 식후',2),
                         ('SUGAR',129, '2022-09-26 11:45:52.115504', '2022-09-26 11:45:52.115504', '2022-09-07 11:45:52','점심 식전',2),
                         ('SUGAR',130, '2022-09-26 11:45:52.115504', '2022-09-26 11:45:52.115504', '2022-09-07 13:45:52','점심 식후',2),
                         ('SUGAR',131, '2022-09-26 11:45:52.115504', '2022-09-26 11:45:52.115504', '2022-09-07 17:45:52','저녁 식전',2),
                         ('SUGAR',132, '2022-09-26 11:45:52.115504', '2022-09-26 11:45:52.115504', '2022-09-07 19:45:52','저녁 식후',2),
                         ('SUGAR',133, '2022-09-26 11:45:52.115504', '2022-09-26 11:45:52.115504', '2022-09-08 08:45:52','아침 식전',2),
                         ('SUGAR',134, '2022-09-26 11:45:52.115504', '2022-09-26 11:45:52.115504', '2022-09-08 08:45:52','아침 식후',2),
                         ('SUGAR',135, '2022-09-26 11:45:52.115504', '2022-09-26 11:45:52.115504', '2022-09-08 11:45:52','점심 식전',2),
                         ('SUGAR',136, '2022-09-26 11:45:52.115504', '2022-09-26 11:45:52.115504', '2022-09-08 13:45:52','점심 식후',2),
                         ('SUGAR',137, '2022-09-26 11:45:52.115504', '2022-09-26 11:45:52.115504', '2022-09-08 17:45:52','저녁 식전',2),
                         ('SUGAR',138, '2022-09-26 11:45:52.115504', '2022-09-26 11:45:52.115504', '2022-09-08 19:45:52','저녁 식후',2),
                         ('SUGAR',139, '2022-09-26 11:45:52.115504', '2022-09-26 11:45:52.115504', '2022-09-09 08:45:52','아침 식전',2),
                         ('SUGAR',140, '2022-09-26 11:45:52.115504', '2022-09-26 11:45:52.115504', '2022-09-09 08:45:52','아침 식후',2),
                         ('SUGAR',141, '2022-09-26 11:45:52.115504', '2022-09-26 11:45:52.115504', '2022-09-09 11:45:52','점심 식전',2),
                         ('SUGAR',142, '2022-09-26 11:45:52.115504', '2022-09-26 11:45:52.115504', '2022-09-09 13:45:52','점심 식후',2),
                         ('SUGAR',143, '2022-09-26 11:45:52.115504', '2022-09-26 11:45:52.115504', '2022-09-09 17:45:52','저녁 식전',2),
                         ('SUGAR',144, '2022-09-26 11:45:52.115504', '2022-09-26 11:45:52.115504', '2022-09-09 19:45:52','저녁 식후',2),
                         ('SUGAR',145, '2022-09-26 11:45:52.115504', '2022-09-26 11:45:52.115504', '2022-09-10 08:45:52','아침 식전',2),
                         ('SUGAR',146, '2022-09-26 11:45:52.115504', '2022-09-26 11:45:52.115504', '2022-09-10 08:45:52','아침 식후',2),
                         ('SUGAR',147, '2022-09-26 11:45:52.115504', '2022-09-26 11:45:52.115504', '2022-09-10 11:45:52','점심 식전',2),
                         ('SUGAR',148, '2022-09-26 11:45:52.115504', '2022-09-26 11:45:52.115504', '2022-09-10 13:45:52','점심 식후',2),
                         ('SUGAR',149, '2022-09-26 11:45:52.115504', '2022-09-26 11:45:52.115504', '2022-09-10 17:45:52','저녁 식전',2),
                         ('SUGAR',150, '2022-09-26 11:45:52.115504', '2022-09-26 11:45:52.115504', '2022-09-10 19:45:52','저녁 식후',2),
                         ('SUGAR',151, '2022-09-26 11:45:52.115504', '2022-09-26 11:45:52.115504', '2022-09-11 08:45:52','아침 식전',2),
                         ('SUGAR',152, '2022-09-26 11:45:52.115504', '2022-09-26 11:45:52.115504', '2022-09-11 08:45:52','아침 식후',2),
                         ('SUGAR',153, '2022-09-26 11:45:52.115504', '2022-09-26 11:45:52.115504', '2022-09-11 11:45:52','점심 식전',2),
                         ('SUGAR',154, '2022-09-26 11:45:52.115504', '2022-09-26 11:45:52.115504', '2022-09-11 13:45:52','점심 식후',2),
                         ('SUGAR',155, '2022-09-26 11:45:52.115504', '2022-09-26 11:45:52.115504', '2022-09-11 17:45:52','저녁 식전',2),
                         ('SUGAR',156, '2022-09-26 11:45:52.115504', '2022-09-26 11:45:52.115504', '2022-09-11 19:45:52','저녁 식후',2),
                         ('SUGAR',157, '2022-09-26 11:45:52.115504', '2022-09-26 11:45:52.115504', '2022-09-12 08:45:52','아침 식전',2),
                         ('SUGAR',158, '2022-09-26 11:45:52.115504', '2022-09-26 11:45:52.115504', '2022-09-12 08:45:52','아침 식후',2),
                         ('SUGAR',159, '2022-09-26 11:45:52.115504', '2022-09-26 11:45:52.115504', '2022-09-12 11:45:52','점심 식전',2),
                         ('SUGAR',160, '2022-09-26 11:45:52.115504', '2022-09-26 11:45:52.115504', '2022-09-12 13:45:52','점심 식후',2),
                         ('SUGAR',161, '2022-09-26 11:45:52.115504', '2022-09-26 11:45:52.115504', '2022-09-12 17:45:52','저녁 식전',2),
                         ('SUGAR',162, '2022-09-26 11:45:52.115504', '2022-09-26 11:45:52.115504', '2022-09-12 19:45:52','저녁 식후',2),
                         ('SUGAR',163, '2022-09-26 11:45:52.115504', '2022-09-26 11:45:52.115504', '2022-09-13 08:45:52','아침 식전',2),
                         ('SUGAR',164, '2022-09-26 11:45:52.115504', '2022-09-26 11:45:52.115504', '2022-09-13 08:45:52','아침 식후',2),
                         ('SUGAR',165, '2022-09-26 11:45:52.115504', '2022-09-26 11:45:52.115504', '2022-09-13 11:45:52','점심 식전',2),
                         ('SUGAR',166, '2022-09-26 11:45:52.115504', '2022-09-26 11:45:52.115504', '2022-09-13 13:45:52','점심 식후',2),
                         ('SUGAR',167, '2022-09-26 11:45:52.115504', '2022-09-26 11:45:52.115504', '2022-09-13 17:45:52','저녁 식전',2),
                         ('SUGAR',168, '2022-09-26 11:45:52.115504', '2022-09-26 11:45:52.115504', '2022-09-13 19:45:52','저녁 식후',2),
                         ('SUGAR',169, '2022-09-26 11:45:52.115504', '2022-09-26 11:45:52.115504', '2022-09-14 08:45:52','아침 식전',2),
                         ('SUGAR',170, '2022-09-26 11:45:52.115504', '2022-09-26 11:45:52.115504', '2022-09-14 08:45:52','아침 식후',2),
                         ('SUGAR',171, '2022-09-26 11:45:52.115504', '2022-09-26 11:45:52.115504', '2022-09-14 11:45:52','점심 식전',2),
                         ('SUGAR',172, '2022-09-26 11:45:52.115504', '2022-09-26 11:45:52.115504', '2022-09-14 13:45:52','점심 식후',2),
                         ('SUGAR',173, '2022-09-26 11:45:52.115504', '2022-09-26 11:45:52.115504', '2022-09-14 17:45:52','저녁 식전',2),
                         ('SUGAR',174, '2022-09-26 11:45:52.115504', '2022-09-26 11:45:52.115504', '2022-09-14 19:45:52','저녁 식후',2),
                         ('SUGAR',175, '2022-09-26 11:45:52.115504', '2022-09-26 11:45:52.115504', '2022-09-15 08:45:52','아침 식전',2),
                         ('SUGAR',176, '2022-09-26 11:45:52.115504', '2022-09-26 11:45:52.115504', '2022-09-15 08:45:52','아침 식후',2),
                         ('SUGAR',177, '2022-09-26 11:45:52.115504', '2022-09-26 11:45:52.115504', '2022-09-15 11:45:52','점심 식전',2),
                         ('SUGAR',178, '2022-09-26 11:45:52.115504', '2022-09-26 11:45:52.115504', '2022-09-15 13:45:52','점심 식후',2),
                         ('SUGAR',179, '2022-09-26 11:45:52.115504', '2022-09-26 11:45:52.115504', '2022-09-15 17:45:52','저녁 식전',2),
                         ('SUGAR',180, '2022-09-26 11:45:52.115504', '2022-09-26 11:45:52.115504', '2022-09-15 19:45:52','저녁 식후',2),
                         ('SUGAR',181, '2022-09-26 11:45:52.115504', '2022-09-26 11:45:52.115504', '2022-09-16 08:45:52','아침 식전',2),
                         ('SUGAR',182, '2022-09-26 11:45:52.115504', '2022-09-26 11:45:52.115504', '2022-09-16 08:45:52','아침 식후',2),
                         ('SUGAR',183, '2022-09-26 11:45:52.115504', '2022-09-26 11:45:52.115504', '2022-09-16 11:45:52','점심 식전',2),
                         ('SUGAR',184, '2022-09-26 11:45:52.115504', '2022-09-26 11:45:52.115504', '2022-09-16 13:45:52','점심 식후',2),
                         ('SUGAR',185, '2022-09-26 11:45:52.115504', '2022-09-26 11:45:52.115504', '2022-09-16 17:45:52','저녁 식전',2),
                         ('SUGAR',186, '2022-09-26 11:45:52.115504', '2022-09-26 11:45:52.115504', '2022-09-16 19:45:52','저녁 식후',2),
                         ('SUGAR',187, '2022-09-26 11:45:52.115504', '2022-09-26 11:45:52.115504', '2022-09-17 08:45:52','아침 식전',2),
                         ('SUGAR',188, '2022-09-26 11:45:52.115504', '2022-09-26 11:45:52.115504', '2022-09-17 08:45:52','아침 식후',2),
                         ('SUGAR',189, '2022-09-26 11:45:52.115504', '2022-09-26 11:45:52.115504', '2022-09-17 11:45:52','점심 식전',2),
                         ('SUGAR',190, '2022-09-26 11:45:52.115504', '2022-09-26 11:45:52.115504', '2022-09-17 13:45:52','점심 식후',2),
                         ('SUGAR',191, '2022-09-26 11:45:52.115504', '2022-09-26 11:45:52.115504', '2022-09-17 17:45:52','저녁 식전',2),
                         ('SUGAR',192, '2022-09-26 11:45:52.115504', '2022-09-26 11:45:52.115504', '2022-09-17 19:45:52','저녁 식후',2),
                         ('SUGAR',193, '2022-09-26 11:45:52.115504', '2022-09-26 11:45:52.115504', '2022-09-18 08:45:52','아침 식전',2),
                         ('SUGAR',194, '2022-09-26 11:45:52.115504', '2022-09-26 11:45:52.115504', '2022-09-18 08:45:52','아침 식후',2),
                         ('SUGAR',195, '2022-09-26 11:45:52.115504', '2022-09-26 11:45:52.115504', '2022-09-18 11:45:52','점심 식전',2),
                         ('SUGAR',196, '2022-09-26 11:45:52.115504', '2022-09-26 11:45:52.115504', '2022-09-18 13:45:52','점심 식후',2),
                         ('SUGAR',197, '2022-09-26 11:45:52.115504', '2022-09-26 11:45:52.115504', '2022-09-18 17:45:52','저녁 식전',2),
                         ('SUGAR',198, '2022-09-26 11:45:52.115504', '2022-09-26 11:45:52.115504', '2022-09-18 19:45:52','저녁 식후',2),
                         ('SUGAR',199, '2022-09-26 11:45:52.115504', '2022-09-26 11:45:52.115504', '2022-09-19 08:45:52','아침 식전',2),
                         ('SUGAR',200, '2022-09-26 11:45:52.115504', '2022-09-26 11:45:52.115504', '2022-09-19 08:45:52','아침 식후',2),
                         ('SUGAR',201, '2022-09-26 11:45:52.115504', '2022-09-26 11:45:52.115504', '2022-09-19 11:45:52','점심 식전',2),
                         ('SUGAR',202, '2022-09-26 11:45:52.115504', '2022-09-26 11:45:52.115504', '2022-09-19 13:45:52','점심 식후',2),
                         ('SUGAR',203, '2022-09-26 11:45:52.115504', '2022-09-26 11:45:52.115504', '2022-09-19 17:45:52','저녁 식전',2),
                         ('SUGAR',204, '2022-09-26 11:45:52.115504', '2022-09-26 11:45:52.115504', '2022-09-19 19:45:52','저녁 식후',2),
                         ('SUGAR',205, '2022-09-26 11:45:52.115504', '2022-09-26 11:45:52.115504', '2022-09-20 08:45:52','아침 식전',2),
                         ('SUGAR',206, '2022-09-26 11:45:52.115504', '2022-09-26 11:45:52.115504', '2022-09-20 08:45:52','아침 식후',2),
                         ('SUGAR',207, '2022-09-26 11:45:52.115504', '2022-09-26 11:45:52.115504', '2022-09-20 11:45:52','점심 식전',2),
                         ('SUGAR',208, '2022-09-26 11:45:52.115504', '2022-09-26 11:45:52.115504', '2022-09-20 13:45:52','점심 식후',2),
                         ('SUGAR',209, '2022-09-26 11:45:52.115504', '2022-09-26 11:45:52.115504', '2022-09-20 17:45:52','저녁 식전',2),
                         ('SUGAR',210, '2022-09-26 11:45:52.115504', '2022-09-26 11:45:52.115504', '2022-09-20 19:45:52','저녁 식후',2),
                         ('SUGAR',211, '2022-09-26 11:45:52.115504', '2022-09-26 11:45:52.115504', '2022-09-21 08:45:52','아침 식전',2),
                         ('SUGAR',212, '2022-09-26 11:45:52.115504', '2022-09-26 11:45:52.115504', '2022-09-21 08:45:52','아침 식후',2),
                         ('SUGAR',213, '2022-09-26 11:45:52.115504', '2022-09-26 11:45:52.115504', '2022-09-21 11:45:52','점심 식전',2),
                         ('SUGAR',214, '2022-09-26 11:45:52.115504', '2022-09-26 11:45:52.115504', '2022-09-21 13:45:52','점심 식후',2),
                         ('SUGAR',215, '2022-09-26 11:45:52.115504', '2022-09-26 11:45:52.115504', '2022-09-21 17:45:52','저녁 식전',2),
                         ('SUGAR',216, '2022-09-26 11:45:52.115504', '2022-09-26 11:45:52.115504', '2022-09-21 19:45:52','저녁 식후',2),
                         ('SUGAR',217, '2022-09-26 11:45:52.115504', '2022-09-26 11:45:52.115504', '2022-09-22 08:45:52','아침 식전',2),
                         ('SUGAR',218, '2022-09-26 11:45:52.115504', '2022-09-26 11:45:52.115504', '2022-09-22 08:45:52','아침 식후',2),
                         ('SUGAR',219, '2022-09-26 11:45:52.115504', '2022-09-26 11:45:52.115504', '2022-09-22 11:45:52','점심 식전',2),
                         ('SUGAR',220, '2022-09-26 11:45:52.115504', '2022-09-26 11:45:52.115504', '2022-09-22 13:45:52','점심 식후',2),
                         ('SUGAR',221, '2022-09-26 11:45:52.115504', '2022-09-26 11:45:52.115504', '2022-09-22 17:45:52','저녁 식전',2),
                         ('SUGAR',222, '2022-09-26 11:45:52.115504', '2022-09-26 11:45:52.115504', '2022-09-22 19:45:52','저녁 식후',2),
                         ('SUGAR',223, '2022-09-26 11:45:52.115504', '2022-09-26 11:45:52.115504', '2022-09-23 08:45:52','아침 식전',2),
                         ('SUGAR',224, '2022-09-26 11:45:52.115504', '2022-09-26 11:45:52.115504', '2022-09-23 08:45:52','아침 식후',2),
                         ('SUGAR',225, '2022-09-26 11:45:52.115504', '2022-09-26 11:45:52.115504', '2022-09-23 11:45:52','점심 식전',2),
                         ('SUGAR',226, '2022-09-26 11:45:52.115504', '2022-09-26 11:45:52.115504', '2022-09-23 13:45:52','점심 식후',2),
                         ('SUGAR',227, '2022-09-26 11:45:52.115504', '2022-09-26 11:45:52.115504', '2022-09-23 17:45:52','저녁 식전',2),
                         ('SUGAR',228, '2022-09-26 11:45:52.115504', '2022-09-26 11:45:52.115504', '2022-09-23 19:45:52','저녁 식후',2),
                         ('SUGAR',229, '2022-09-26 11:45:52.115504', '2022-09-26 11:45:52.115504', '2022-09-24 08:45:52','아침 식전',2),
                         ('SUGAR',230, '2022-09-26 11:45:52.115504', '2022-09-26 11:45:52.115504', '2022-09-24 08:45:52','아침 식후',2),
                         ('SUGAR',231, '2022-09-26 11:45:52.115504', '2022-09-26 11:45:52.115504', '2022-09-24 11:45:52','점심 식전',2),
                         ('SUGAR',232, '2022-09-26 11:45:52.115504', '2022-09-26 11:45:52.115504', '2022-09-24 13:45:52','점심 식후',2),
                         ('SUGAR',233, '2022-09-26 11:45:52.115504', '2022-09-26 11:45:52.115504', '2022-09-24 17:45:52','저녁 식전',2),
                         ('SUGAR',234, '2022-09-26 11:45:52.115504', '2022-09-26 11:45:52.115504', '2022-09-24 19:45:52','저녁 식후',2),
                         ('SUGAR',235, '2022-09-26 11:45:52.115504', '2022-09-26 11:45:52.115504', '2022-09-25 08:45:52','아침 식전',2),
                         ('SUGAR',236, '2022-09-26 11:45:52.115504', '2022-09-26 11:45:52.115504', '2022-09-25 08:45:52','아침 식후',2),
                         ('SUGAR',237, '2022-09-26 11:45:52.115504', '2022-09-26 11:45:52.115504', '2022-09-25 11:45:52','점심 식전',2),
                         ('SUGAR',238, '2022-09-26 11:45:52.115504', '2022-09-26 11:45:52.115504', '2022-09-25 13:45:52','점심 식후',2),
                         ('SUGAR',239, '2022-09-26 11:45:52.115504', '2022-09-26 11:45:52.115504', '2022-09-25 17:45:52','저녁 식전',2),
                         ('SUGAR',240, '2022-09-26 11:45:52.115504', '2022-09-26 11:45:52.115504', '2022-09-25 19:45:52','저녁 식후',2),
                         ('SUGAR',241, '2022-09-26 11:45:52.115504', '2022-09-26 11:45:52.115504', '2022-09-26 08:45:52','아침 식전',2),
                         ('SUGAR',242, '2022-09-26 11:45:52.115504', '2022-09-26 11:45:52.115504', '2022-09-26 08:45:52','아침 식후',2),
                         ('SUGAR',243, '2022-09-26 11:45:52.115504', '2022-09-26 11:45:52.115504', '2022-09-26 11:45:52','점심 식전',2),
                         ('SUGAR',244, '2022-09-26 11:45:52.115504', '2022-09-26 11:45:52.115504', '2022-09-26 13:45:52','점심 식후',2),
                         ('SUGAR',245, '2022-09-26 11:45:52.115504', '2022-09-26 11:45:52.115504', '2022-09-26 17:45:52','저녁 식전',2),
                         ('SUGAR',246, '2022-09-26 11:45:52.115504', '2022-09-26 11:45:52.115504', '2022-09-26 19:45:52','저녁 식후',2),
                         ('SUGAR',247, '2022-09-26 11:45:52.115504', '2022-09-26 11:45:52.115504', '2022-09-27 08:45:52','아침 식전',2),
                         ('SUGAR',248, '2022-09-26 11:45:52.115504', '2022-09-26 11:45:52.115504', '2022-09-27 08:45:52','아침 식후',2),
                         ('SUGAR',249, '2022-09-26 11:45:52.115504', '2022-09-26 11:45:52.115504', '2022-09-27 11:45:52','점심 식전',2),
                         ('SUGAR',250, '2022-09-26 11:45:52.115504', '2022-09-26 11:45:52.115504', '2022-09-27 13:45:52','점심 식후',2),
                         ('SUGAR',251, '2022-09-26 11:45:52.115504', '2022-09-26 11:45:52.115504', '2022-09-27 17:45:52','저녁 식전',2),
                         ('SUGAR',252, '2022-09-26 11:45:52.115504', '2022-09-26 11:45:52.115504', '2022-09-27 19:45:52','저녁 식후',2),
                         ('SUGAR',253, '2022-09-26 11:45:52.115504', '2022-09-26 11:45:52.115504', '2022-09-28 08:45:52','아침 식전',2),
                         ('SUGAR',254, '2022-09-26 11:45:52.115504', '2022-09-26 11:45:52.115504', '2022-09-28 08:45:52','아침 식후',2),
                         ('SUGAR',255, '2022-09-26 11:45:52.115504', '2022-09-26 11:45:52.115504', '2022-09-28 11:45:52','점심 식전',2),
                         ('SUGAR',256, '2022-09-26 11:45:52.115504', '2022-09-26 11:45:52.115504', '2022-09-28 13:45:52','점심 식후',2),
                         ('SUGAR',257, '2022-09-26 11:45:52.115504', '2022-09-26 11:45:52.115504', '2022-09-28 17:45:52','저녁 식전',2),
                         ('SUGAR',258, '2022-09-26 11:45:52.115504', '2022-09-26 11:45:52.115504', '2022-09-28 19:45:52','저녁 식후',2),
                         ('SUGAR',259, '2022-09-26 11:45:52.115504', '2022-09-26 11:45:52.115504', '2022-09-29 08:45:52','아침 식전',2),
                         ('SUGAR',260, '2022-09-26 11:45:52.115504', '2022-09-26 11:45:52.115504', '2022-09-29 08:45:52','아침 식후',2),
                         ('SUGAR',261, '2022-09-26 11:45:52.115504', '2022-09-26 11:45:52.115504', '2022-09-29 11:45:52','점심 식전',2),
                         ('SUGAR',262, '2022-09-26 11:45:52.115504', '2022-09-26 11:45:52.115504', '2022-09-29 13:45:52','점심 식후',2),
                         ('SUGAR',263, '2022-09-26 11:45:52.115504', '2022-09-26 11:45:52.115504', '2022-09-29 17:45:52','저녁 식전',2),
                         ('SUGAR',264, '2022-09-26 11:45:52.115504', '2022-09-26 11:45:52.115504', '2022-09-29 19:45:52','저녁 식후',2),
                         ('SUGAR',265, '2022-09-26 11:45:52.115504', '2022-09-26 11:45:52.115504', '2022-09-30 08:45:52','아침 식전',2),
                         ('SUGAR',266, '2022-09-26 11:45:52.115504', '2022-09-26 11:45:52.115504', '2022-09-30 08:45:52','아침 식후',2),
                         ('SUGAR',267, '2022-09-26 11:45:52.115504', '2022-09-26 11:45:52.115504', '2022-09-30 11:45:52','점심 식전',2),
                         ('SUGAR',268, '2022-09-26 11:45:52.115504', '2022-09-26 11:45:52.115504', '2022-09-30 13:45:52','점심 식후',2),
                         ('SUGAR',269, '2022-09-26 11:45:52.115504', '2022-09-26 11:45:52.115504', '2022-09-30 17:45:52','저녁 식전',2),
                         ('SUGAR',270, '2022-09-26 11:45:52.115504', '2022-09-26 11:45:52.115504', '2022-09-30 19:45:52','저녁 식후',2),
-- blood sugar dummy data end

                         ('MEDICINE',271,'2022-09-26 12:15:13.787735','2022-09-26 12:15:13.787735','2022-09-01 13:11:34','점심',2),
                         ('MEDICINE',272,'2022-09-26 12:15:13.787735','2022-09-26 12:15:13.787735','2022-09-04 09:11:34','아침',2),
                         ('MEDICINE',273,'2022-09-26 12:15:13.787735','2022-09-26 12:15:13.787735','2022-09-08 13:11:34','점심',2),
                         ('MEDICINE',274,'2022-09-26 12:15:13.787735','2022-09-26 12:15:13.787735','2022-09-12 13:11:34','점심',2),
                         ('MEDICINE',275,'2022-09-26 12:15:13.787735','2022-09-26 12:15:13.787735','2022-09-16 13:11:34','점심',2),
                         ('MEDICINE',276,'2022-09-26 12:15:13.787735','2022-09-26 12:15:13.787735','2022-09-17 19:11:34','저녁',2),
                         ('MEDICINE',277,'2022-09-26 12:15:13.787735','2022-09-26 12:15:13.787735','2022-09-20 19:11:34','저녁',2),
                         ('MEDICINE',278,'2022-09-26 12:15:13.787735','2022-09-26 12:15:13.787735','2022-09-22 13:11:34','점심',2),
                         ('MEDICINE',279,'2022-09-26 12:15:13.787735','2022-09-26 12:15:13.787735','2022-09-27 13:11:34','점심',2),
                         ('MEDICINE',280,'2022-09-26 12:15:13.787735','2022-09-26 12:15:13.787735','2022-09-30 13:11:34','점심',2),
-- medicine dummy data end

                         ('MEAL',281, '2022-09-26 11:45:52.115504', '2022-09-26 11:45:52.115504', '2022-09-01 12:45:52.115504','점심',2),
                         ('MEAL',282, '2022-09-26 11:45:52.115504', '2022-09-26 11:45:52.115504', '2022-09-01 18:45:52.115504','저녁',2),
                         ('MEAL',283, '2022-09-26 11:45:52.115504', '2022-09-26 11:45:52.115504', '2022-09-01 09:45:52.115504','아침',2),
                         ('MEAL',284, '2022-09-26 11:45:52.115504', '2022-09-26 11:45:52.115504', '2022-09-02 12:45:52.115504','점심',2),
                         ('MEAL',285, '2022-09-26 11:45:52.115504', '2022-09-26 11:45:52.115504', '2022-09-02 18:45:52.115504','저녁',2),
                         ('MEAL',286, '2022-09-26 11:45:52.115504', '2022-09-26 11:45:52.115504', '2022-09-02 09:45:52.115504','아침',2),
                         ('MEAL',287, '2022-09-26 11:45:52.115504', '2022-09-26 11:45:52.115504', '2022-09-03 12:45:52.115504','점심',2),
                         ('MEAL',288, '2022-09-26 11:45:52.115504', '2022-09-26 11:45:52.115504', '2022-09-03 18:45:52.115504','저녁',2),
                         ('MEAL',289, '2022-09-26 11:45:52.115504', '2022-09-26 11:45:52.115504', '2022-09-03 09:45:52.115504','아침',2),
                         ('MEAL',290, '2022-09-26 11:45:52.115504', '2022-09-26 11:45:52.115504', '2022-09-04 12:45:52.115504','점심',2),
                         ('MEAL',291, '2022-09-26 11:45:52.115504', '2022-09-26 11:45:52.115504', '2022-09-04 18:45:52.115504','저녁',2),
                         ('MEAL',292, '2022-09-26 11:45:52.115504', '2022-09-26 11:45:52.115504', '2022-09-04 09:45:52.115504','아침',2),
                         ('MEAL',293, '2022-09-26 11:45:52.115504', '2022-09-26 11:45:52.115504', '2022-09-05 12:45:52.115504','점심',2),
                         ('MEAL',294, '2022-09-26 11:45:52.115504', '2022-09-26 11:45:52.115504', '2022-09-05 18:45:52.115504','저녁',2),
                         ('MEAL',295, '2022-09-26 11:45:52.115504', '2022-09-26 11:45:52.115504', '2022-09-05 09:45:52.115504','아침',2),
                         ('MEAL',296, '2022-09-26 11:45:52.115504', '2022-09-26 11:45:52.115504', '2022-09-06 12:45:52.115504','점심',2),
                         ('MEAL',297, '2022-09-26 11:45:52.115504', '2022-09-26 11:45:52.115504', '2022-09-06 18:45:52.115504','저녁',2),
                         ('MEAL',298, '2022-09-26 11:45:52.115504', '2022-09-26 11:45:52.115504', '2022-09-06 09:45:52.115504','아침',2),
                         ('MEAL',299, '2022-09-26 11:45:52.115504', '2022-09-26 11:45:52.115504', '2022-09-07 12:45:52.115504','점심',2),
                         ('MEAL',300, '2022-09-26 11:45:52.115504', '2022-09-26 11:45:52.115504', '2022-09-07 18:45:52.115504','저녁',2),
                         ('MEAL',301, '2022-09-26 11:45:52.115504', '2022-09-26 11:45:52.115504', '2022-09-07 09:45:52.115504','아침',2),
                         ('MEAL',302, '2022-09-26 11:45:52.115504', '2022-09-26 11:45:52.115504', '2022-09-08 12:45:52.115504','점심',2),
                         ('MEAL',303, '2022-09-26 11:45:52.115504', '2022-09-26 11:45:52.115504', '2022-09-08 18:45:52.115504','저녁',2),
                         ('MEAL',304, '2022-09-26 11:45:52.115504', '2022-09-26 11:45:52.115504', '2022-09-08 09:45:52.115504','아침',2),
                         ('MEAL',305, '2022-09-26 11:45:52.115504', '2022-09-26 11:45:52.115504', '2022-09-09 12:45:52.115504','점심',2),
                         ('MEAL',306, '2022-09-26 11:45:52.115504', '2022-09-26 11:45:52.115504', '2022-09-09 18:45:52.115504','저녁',2),
                         ('MEAL',307, '2022-09-26 11:45:52.115504', '2022-09-26 11:45:52.115504', '2022-09-09 09:45:52.115504','아침',2),
                         ('MEAL',308, '2022-09-26 11:45:52.115504', '2022-09-26 11:45:52.115504', '2022-09-10 12:45:52.115504','점심',2),
                         ('MEAL',309, '2022-09-26 11:45:52.115504', '2022-09-26 11:45:52.115504', '2022-09-10 18:45:52.115504','저녁',2),
                         ('MEAL',310, '2022-09-26 11:45:52.115504', '2022-09-26 11:45:52.115504', '2022-09-10 09:45:52.115504','아침',2),
                         ('MEAL',311, '2022-09-26 11:45:52.115504', '2022-09-26 11:45:52.115504', '2022-09-11 12:45:52.115504','점심',2),
                         ('MEAL',312, '2022-09-26 11:45:52.115504', '2022-09-26 11:45:52.115504', '2022-09-11 18:45:52.115504','저녁',2),
                         ('MEAL',313, '2022-09-26 11:45:52.115504', '2022-09-26 11:45:52.115504', '2022-09-11 09:45:52.115504','아침',2),
                         ('MEAL',314, '2022-09-26 11:45:52.115504', '2022-09-26 11:45:52.115504', '2022-09-12 12:45:52.115504','점심',2),
                         ('MEAL',315, '2022-09-26 11:45:52.115504', '2022-09-26 11:45:52.115504', '2022-09-12 18:45:52.115504','저녁',2),
                         ('MEAL',316, '2022-09-26 11:45:52.115504', '2022-09-26 11:45:52.115504', '2022-09-12 09:45:52.115504','아침',2),
                         ('MEAL',317, '2022-09-26 11:45:52.115504', '2022-09-26 11:45:52.115504', '2022-09-13 12:45:52.115504','점심',2),
                         ('MEAL',318, '2022-09-26 11:45:52.115504', '2022-09-26 11:45:52.115504', '2022-09-13 18:45:52.115504','저녁',2),
                         ('MEAL',319, '2022-09-26 11:45:52.115504', '2022-09-26 11:45:52.115504', '2022-09-13 09:45:52.115504','아침',2),
                         ('MEAL',320, '2022-09-26 11:45:52.115504', '2022-09-26 11:45:52.115504', '2022-09-14 12:45:52.115504','점심',2),
                         ('MEAL',321, '2022-09-26 11:45:52.115504', '2022-09-26 11:45:52.115504', '2022-09-14 18:45:52.115504','저녁',2),
                         ('MEAL',322, '2022-09-26 11:45:52.115504', '2022-09-26 11:45:52.115504', '2022-09-14 09:45:52.115504','아침',2),
                         ('MEAL',323, '2022-09-26 11:45:52.115504', '2022-09-26 11:45:52.115504', '2022-09-15 12:45:52.115504','점심',2),
                         ('MEAL',324, '2022-09-26 11:45:52.115504', '2022-09-26 11:45:52.115504', '2022-09-15 18:45:52.115504','저녁',2),
                         ('MEAL',325, '2022-09-26 11:45:52.115504', '2022-09-26 11:45:52.115504', '2022-09-15 09:45:52.115504','아침',2),
                         ('MEAL',326, '2022-09-26 11:45:52.115504', '2022-09-26 11:45:52.115504', '2022-09-16 12:45:52.115504','점심',2),
                         ('MEAL',327, '2022-09-26 11:45:52.115504', '2022-09-26 11:45:52.115504', '2022-09-16 18:45:52.115504','저녁',2),
                         ('MEAL',328, '2022-09-26 11:45:52.115504', '2022-09-26 11:45:52.115504', '2022-09-16 09:45:52.115504','아침',2),
                         ('MEAL',329, '2022-09-26 11:45:52.115504', '2022-09-26 11:45:52.115504', '2022-09-17 12:45:52.115504','점심',2),
                         ('MEAL',330, '2022-09-26 11:45:52.115504', '2022-09-26 11:45:52.115504', '2022-09-17 18:45:52.115504','저녁',2),
                         ('MEAL',331, '2022-09-26 11:45:52.115504', '2022-09-26 11:45:52.115504', '2022-09-17 09:45:52.115504','아침',2),
                         ('MEAL',332, '2022-09-26 11:45:52.115504', '2022-09-26 11:45:52.115504', '2022-09-18 12:45:52.115504','점심',2),
                         ('MEAL',333, '2022-09-26 11:45:52.115504', '2022-09-26 11:45:52.115504', '2022-09-18 18:45:52.115504','저녁',2),
                         ('MEAL',334, '2022-09-26 11:45:52.115504', '2022-09-26 11:45:52.115504', '2022-09-18 09:45:52.115504','아침',2),
                         ('MEAL',335, '2022-09-26 11:45:52.115504', '2022-09-26 11:45:52.115504', '2022-09-19 12:45:52.115504','점심',2),
                         ('MEAL',336, '2022-09-26 11:45:52.115504', '2022-09-26 11:45:52.115504', '2022-09-19 18:45:52.115504','저녁',2),
                         ('MEAL',337, '2022-09-26 11:45:52.115504', '2022-09-26 11:45:52.115504', '2022-09-19 09:45:52.115504','아침',2),
                         ('MEAL',338, '2022-09-26 11:45:52.115504', '2022-09-26 11:45:52.115504', '2022-09-20 12:45:52.115504','점심',2),
                         ('MEAL',339, '2022-09-26 11:45:52.115504', '2022-09-26 11:45:52.115504', '2022-09-20 18:45:52.115504','저녁',2),
                         ('MEAL',340, '2022-09-26 11:45:52.115504', '2022-09-26 11:45:52.115504', '2022-09-20 09:45:52.115504','아침',2),
                         ('MEAL',341, '2022-09-26 11:45:52.115504', '2022-09-26 11:45:52.115504', '2022-09-21 12:45:52.115504','점심',2),
                         ('MEAL',342, '2022-09-26 11:45:52.115504', '2022-09-26 11:45:52.115504', '2022-09-21 18:45:52.115504','저녁',2),
                         ('MEAL',343, '2022-09-26 11:45:52.115504', '2022-09-26 11:45:52.115504', '2022-09-21 09:45:52.115504','아침',2),
                         ('MEAL',344, '2022-09-26 11:45:52.115504', '2022-09-26 11:45:52.115504', '2022-09-22 12:45:52.115504','점심',2),
                         ('MEAL',345, '2022-09-26 11:45:52.115504', '2022-09-26 11:45:52.115504', '2022-09-22 18:45:52.115504','저녁',2),
                         ('MEAL',346, '2022-09-26 11:45:52.115504', '2022-09-26 11:45:52.115504', '2022-09-22 09:45:52.115504','아침',2),
                         ('MEAL',347, '2022-09-26 11:45:52.115504', '2022-09-26 11:45:52.115504', '2022-09-23 12:45:52.115504','점심',2),
                         ('MEAL',348, '2022-09-26 11:45:52.115504', '2022-09-26 11:45:52.115504', '2022-09-23 18:45:52.115504','저녁',2),
                         ('MEAL',349, '2022-09-26 11:45:52.115504', '2022-09-26 11:45:52.115504', '2022-09-23 09:45:52.115504','아침',2),
                         ('MEAL',350, '2022-09-26 11:45:52.115504', '2022-09-26 11:45:52.115504', '2022-09-24 12:45:52.115504','점심',2),
                         ('MEAL',351, '2022-09-26 11:45:52.115504', '2022-09-26 11:45:52.115504', '2022-09-24 18:45:52.115504','저녁',2),
                         ('MEAL',352, '2022-09-26 11:45:52.115504', '2022-09-26 11:45:52.115504', '2022-09-24 09:45:52.115504','아침',2),
                         ('MEAL',353, '2022-09-26 11:45:52.115504', '2022-09-26 11:45:52.115504', '2022-09-25 12:45:52.115504','점심',2),
                         ('MEAL',354, '2022-09-26 11:45:52.115504', '2022-09-26 11:45:52.115504', '2022-09-25 18:45:52.115504','저녁',2),
                         ('MEAL',355, '2022-09-26 11:45:52.115504', '2022-09-26 11:45:52.115504', '2022-09-25 09:45:52.115504','아침',2),
                         ('MEAL',356, '2022-09-26 11:45:52.115504', '2022-09-26 11:45:52.115504', '2022-09-26 12:45:52.115504','점심',2),
                         ('MEAL',357, '2022-09-26 11:45:52.115504', '2022-09-26 11:45:52.115504', '2022-09-26 18:45:52.115504','저녁',2),
                         ('MEAL',358, '2022-09-26 11:45:52.115504', '2022-09-26 11:45:52.115504', '2022-09-26 09:45:52.115504','아침',2),
                         ('MEAL',359, '2022-09-26 11:45:52.115504', '2022-09-26 11:45:52.115504', '2022-09-27 12:45:52.115504','점심',2),
                         ('MEAL',360, '2022-09-26 11:45:52.115504', '2022-09-26 11:45:52.115504', '2022-09-27 18:45:52.115504','저녁',2),
                         ('MEAL',361, '2022-09-26 11:45:52.115504', '2022-09-26 11:45:52.115504', '2022-09-27 09:45:52.115504','아침',2),
                         ('MEAL',362, '2022-09-26 11:45:52.115504', '2022-09-26 11:45:52.115504', '2022-09-28 12:45:52.115504','점심',2),
                         ('MEAL',363, '2022-09-26 11:45:52.115504', '2022-09-26 11:45:52.115504', '2022-09-28 18:45:52.115504','저녁',2),
                         ('MEAL',364, '2022-09-26 11:45:52.115504', '2022-09-26 11:45:52.115504', '2022-09-28 09:45:52.115504','아침',2),
                         ('MEAL',365, '2022-09-26 11:45:52.115504', '2022-09-26 11:45:52.115504', '2022-09-29 12:45:52.115504','점심',2),
                         ('MEAL',366, '2022-09-26 11:45:52.115504', '2022-09-26 11:45:52.115504', '2022-09-29 18:45:52.115504','저녁',2),
                         ('MEAL',367, '2022-09-26 11:45:52.115504', '2022-09-26 11:45:52.115504', '2022-09-29 09:45:52.115504','아침',2),
                         ('MEAL',368, '2022-09-26 11:45:52.115504', '2022-09-26 11:45:52.115504', '2022-09-30 12:45:52.115504','점심',2),
                         ('MEAL',369, '2022-09-26 11:45:52.115504', '2022-09-26 11:45:52.115504', '2022-09-30 18:45:52.115504','저녁',2),
                         ('MEAL',370, '2022-09-26 11:45:52.115504', '2022-09-26 11:45:52.115504', '2022-09-30 09:45:52.115504','아침',2);
-- meal end
/*!40000 ALTER TABLE `record` ENABLE KEYS */;
UNLOCK TABLES;


/*!40101 SET @saved_cs_client     = @@character_set_client */;
/*!40101 SET character_set_client = utf8 */;
CREATE TABLE `bpressure` (
                             `heartbeat` int(11) NOT NULL,
                             `max_pressure` int(11) NOT NULL,
                             `min_pressure` int(11) NOT NULL,
                             `record_id` bigint(20) NOT NULL,
                             PRIMARY KEY (`record_id`),
                             CONSTRAINT `FKbwr0nxy2ps2y7ynnfd1s1do0y` FOREIGN KEY (`record_id`) REFERENCES `record` (`record_id`)
) ENGINE=InnoDB DEFAULT CHARSET=utf8mb4;
/*!40101 SET character_set_client = @saved_cs_client */;

--
-- Dumping data for table `bpressure`
--

LOCK TABLES `bpressure` WRITE;
/*!40000 ALTER TABLE `bpressure` DISABLE KEYS */;
INSERT INTO `bpressure` VALUES
                            (158,152,146,1),
                            (149,143,146,2),
                            (153,140,148,3),
                            (149,149,158,4),
                            (158,153,142,5),
                            (148,147,148,6),
                            (148,156,154,7),
                            (156,158,157,8),
                            (150,142,152,9),
                            (156,146,149,10),
                            (149,160,150,11),
                            (141,144,141,12),
                            (156,159,150,13),
                            (140,148,148,14),
                            (159,143,157,15),
                            (144,141,141,16),
                            (146,150,156,17),
                            (143,143,154,18),
                            (154,152,141,19),
                            (155,156,150,20),
                            (151,149,155,21),
                            (160,148,155,22),
                            (150,148,141,23),
                            (151,160,155,24),
                            (159,156,154,25),
                            (150,149,152,26),
                            (150,142,157,27),
                            (160,149,159,28),
                            (154,160,151,29),
                            (148,143,156,30),
                            (143,156,147,31),
                            (158,143,141,32),
                            (155,154,152,33),
                            (143,148,153,34),
                            (147,140,145,35),
                            (147,155,155,36),
                            (160,154,144,37),
                            (154,149,157,38),
                            (160,154,142,39),
                            (146,145,151,40),
                            (144,143,156,41),
                            (143,155,141,42),
                            (158,149,140,43),
                            (141,148,154,44),
                            (156,142,143,45),
                            (158,151,145,46),
                            (140,151,156,47),
                            (144,152,141,48),
                            (143,156,159,49),
                            (158,158,147,50),
                            (153,145,147,51),
                            (154,146,159,52),
                            (149,155,141,53),
                            (157,149,157,54),
                            (142,141,144,55),
                            (152,159,154,56),
                            (147,150,150,57),
                            (140,152,142,58),
                            (141,144,153,59),
                            (154,150,153,60),
                            (149,154,147,61),
                            (143,142,148,62),
                            (148,152,146,63),
                            (155,160,158,64),
                            (143,148,143,65),
                            (154,144,142,66),
                            (149,158,159,67),
                            (154,149,146,68),
                            (145,154,151,69),
                            (140,159,143,70),
                            (153,151,149,71),
                            (144,152,140,72),
                            (157,143,146,73),
                            (153,154,155,74),
                            (142,146,140,75),
                            (150,148,159,76),
                            (150,156,145,77),
                            (142,158,159,78),
                            (146,148,144,79),
                            (150,154,146,80),
                            (153,159,160,81),
                            (158,152,153,82),
                            (153,155,143,83),
                            (140,142,153,84),
                            (156,147,155,85),
                            (148,144,154,86),
                            (152,143,147,87),
                            (149,141,150,88),
                            (152,147,141,89),
                            (150,144,156,90);
/*!40000 ALTER TABLE `bpressure` ENABLE KEYS */;
UNLOCK TABLES;

--
-- Table structure for table `bsugar`
--

/*!40101 SET @saved_cs_client     = @@character_set_client */;
/*!40101 SET character_set_client = utf8 */;
CREATE TABLE `bsugar` (
                          `blood_sugar` int(11) NOT NULL,
                          `record_id` bigint(20) NOT NULL,
                          PRIMARY KEY (`record_id`),
                          CONSTRAINT `FKmpw3ri4vq3r2uru8lhw0c3l4f` FOREIGN KEY (`record_id`) REFERENCES `record` (`record_id`)
) ENGINE=InnoDB DEFAULT CHARSET=utf8mb4;
/*!40101 SET character_set_client = @saved_cs_client */;

--
-- Dumping data for table `bsugar`
--

LOCK TABLES `bsugar` WRITE;
/*!40000 ALTER TABLE `bsugar` DISABLE KEYS */;

/*!40000 ALTER TABLE `bsugar` ENABLE KEYS */;
UNLOCK TABLES;
INSERT INTO `bsugar` VALUES
                         (148,91),
                         (157,92),
                         (156,93),
                         (143,94),
                         (150,95),
                         (142,96),
                         (141,97),
                         (156,98),
                         (148,99),
                         (148,100),
                         (153,101),
                         (145,102),
                         (146,103),
                         (141,104),
                         (152,105),
                         (145,106),
                         (148,107),
                         (159,108),
                         (155,109),
                         (142,110),
                         (154,111),
                         (156,112),
                         (159,113),
                         (140,114),
                         (160,115),
                         (159,116),
                         (148,117),
                         (147,118),
                         (146,119),
                         (158,120),
                         (155,121),
                         (142,122),
                         (140,123),
                         (157,124),
                         (144,125),
                         (145,126),
                         (148,127),
                         (158,128),
                         (148,129),
                         (144,130),
                         (140,131),
                         (155,132),
                         (142,133),
                         (148,134),
                         (145,135),
                         (149,136),
                         (142,137),
                         (143,138),
                         (147,139),
                         (147,140),
                         (159,141),
                         (149,142),
                         (140,143),
                         (158,144),
                         (146,145),
                         (151,146),
                         (152,147),
                         (140,148),
                         (142,149),
                         (147,150),
                         (155,151),
                         (146,152),
                         (157,153),
                         (156,154),
                         (159,155),
                         (160,156),
                         (153,157),
                         (152,158),
                         (159,159),
                         (156,160),
                         (151,161),
                         (159,162),
                         (142,163),
                         (146,164),
                         (160,165),
                         (154,166),
                         (142,167),
                         (153,168),
                         (147,169),
                         (142,170),
                         (155,171),
                         (148,172),
                         (142,173),
                         (145,174),
                         (150,175),
                         (156,176),
                         (158,177),
                         (154,178),
                         (141,179),
                         (147,180),
                         (144,181),
                         (151,182),
                         (149,183),
                         (140,184),
                         (147,185),
                         (159,186),
                         (159,187),
                         (153,188),
                         (159,189),
                         (152,190),
                         (140,191),
                         (149,192),
                         (144,193),
                         (152,194),
                         (151,195),
                         (142,196),
                         (149,197),
                         (158,198),
                         (146,199),
                         (156,200),
                         (160,201),
                         (153,202),
                         (140,203),
                         (153,204),
                         (151,205),
                         (156,206),
                         (158,207),
                         (152,208),
                         (152,209),
                         (158,210),
                         (148,211),
                         (154,212),
                         (148,213),
                         (144,214),
                         (151,215),
                         (147,216),
                         (156,217),
                         (148,218),
                         (159,219),
                         (153,220),
                         (147,221),
                         (144,222),
                         (141,223),
                         (146,224),
                         (144,225),
                         (158,226),
                         (148,227),
                         (143,228),
                         (142,229),
                         (158,230),
                         (153,231),
                         (149,232),
                         (155,233),
                         (153,234),
                         (149,235),
                         (143,236),
                         (160,237),
                         (150,238),
                         (149,239),
                         (150,240),
                         (151,241),
                         (156,242),
                         (155,243),
                         (151,244),
                         (143,245),
                         (159,246),
                         (149,247),
                         (151,248),
                         (147,249),
                         (143,250),
                         (157,251),
                         (157,252),
                         (160,253),
                         (144,254),
                         (145,255),
                         (153,256),
                         (141,257),
                         (158,258),
                         (140,259),
                         (142,260),
                         (157,261),
                         (155,262),
                         (159,263),
                         (141,264),
                         (158,265),
                         (151,266),
                         (148,267),
                         (144,268),
                         (160,269),
                         (151,270);
--
-- Table structure for table `meal`
--

/*!40101 SET @saved_cs_client     = @@character_set_client */;
/*!40101 SET character_set_client = utf8 */;
CREATE TABLE `meal` (
                        `total_calories` int(11) DEFAULT NULL,
                        `total_image_url` varchar(255) DEFAULT NULL,
                        `record_id` bigint(20) NOT NULL,
                        PRIMARY KEY (`record_id`),
                        CONSTRAINT `FKhhtgne90p73iak9th12r4h4wc` FOREIGN KEY (`record_id`) REFERENCES `record` (`record_id`)
) ENGINE=InnoDB DEFAULT CHARSET=utf8mb4;
/*!40101 SET character_set_client = @saved_cs_client */;

--
-- Dumping data for table `meal`
--

LOCK TABLES `meal` WRITE;
/*!40000 ALTER TABLE `meal` DISABLE KEYS */;
INSERT INTO `meal` VALUES
                       (NULL,NULL,281),
                       (NULL,NULL,282),
                       (NULL,NULL,283),
                       (NULL,NULL,284),
                       (NULL,NULL,285),
                       (NULL,NULL,286),
                       (NULL,NULL,287),
                       (NULL,NULL,288),
                       (NULL,NULL,289),
                       (NULL,NULL,290),
                       (NULL,NULL,291),
                       (NULL,NULL,292),
                       (NULL,NULL,293),
                       (NULL,NULL,294),
                       (NULL,NULL,295),
                       (NULL,NULL,296),
                       (NULL,NULL,297),
                       (NULL,NULL,298),
                       (NULL,NULL,299),
                       (NULL,NULL,300),
                       (NULL,NULL,301),
                       (NULL,NULL,302),
                       (NULL,NULL,303),
                       (NULL,NULL,304),
                       (NULL,NULL,305),
                       (NULL,NULL,306),
                       (NULL,NULL,307),
                       (NULL,NULL,308),
                       (NULL,NULL,309),
                       (NULL,NULL,310),
                       (NULL,NULL,311),
                       (NULL,NULL,312),
                       (NULL,NULL,313),
                       (NULL,NULL,314),
                       (NULL,NULL,315),
                       (NULL,NULL,316),
                       (NULL,NULL,317),
                       (NULL,NULL,318),
                       (NULL,NULL,319),
                       (NULL,NULL,320),
                       (NULL,NULL,321),
                       (NULL,NULL,322),
                       (NULL,NULL,323),
                       (NULL,NULL,324),
                       (NULL,NULL,325),
                       (NULL,NULL,326),
                       (NULL,NULL,327),
                       (NULL,NULL,328),
                       (NULL,NULL,329),
                       (NULL,NULL,330),
                       (NULL,NULL,331),
                       (NULL,NULL,332),
                       (NULL,NULL,333),
                       (NULL,NULL,334),
                       (NULL,NULL,335),
                       (NULL,NULL,336),
                       (NULL,NULL,337),
                       (NULL,NULL,338),
                       (NULL,NULL,339),
                       (NULL,NULL,340),
                       (NULL,NULL,341),
                       (NULL,NULL,342),
                       (NULL,NULL,343),
                       (NULL,NULL,344),
                       (NULL,NULL,345),
                       (NULL,NULL,346),
                       (NULL,NULL,347),
                       (NULL,NULL,348),
                       (NULL,NULL,349),
                       (NULL,NULL,350),
                       (NULL,NULL,351),
                       (NULL,NULL,352),
                       (NULL,NULL,353),
                       (NULL,NULL,354),
                       (NULL,NULL,355),
                       (NULL,NULL,356),
                       (NULL,NULL,357),
                       (NULL,NULL,358),
                       (NULL,NULL,359),
                       (NULL,NULL,360),
                       (NULL,NULL,361),
                       (NULL,NULL,362),
                       (NULL,NULL,363),
                       (NULL,NULL,364),
                       (NULL,NULL,365),
                       (NULL,NULL,366),
                       (NULL,NULL,367),
                       (NULL,NULL,368),
                       (NULL,NULL,369),
                       (NULL,NULL,370);
/*!40000 ALTER TABLE `meal` ENABLE KEYS */;
UNLOCK TABLES;

--
-- Table structure for table `meal_detail`
--

/*!40101 SET @saved_cs_client     = @@character_set_client */;
/*!40101 SET character_set_client = utf8 */;
CREATE TABLE `meal_detail` (
                               `meal_detail_id` bigint(20) NOT NULL AUTO_INCREMENT,
                               `blood_sugar` int(11) DEFAULT NULL,
                               `calorie` int(11) DEFAULT NULL,
                               `food_id` varchar(255) DEFAULT NULL,
                               `food_name` varchar(255) NOT NULL,
                               `image_url` varchar(100) DEFAULT NULL,
                               `quantity` int(11) NOT NULL,
                               `meal_id` bigint(20) DEFAULT NULL,
                               PRIMARY KEY (`meal_detail_id`),
                               KEY `FK481b6yw93n2nsirfpfkmrct1u` (`meal_id`),
                               CONSTRAINT `FK481b6yw93n2nsirfpfkmrct1u` FOREIGN KEY (`meal_id`) REFERENCES `meal` (`record_id`)
) ENGINE=InnoDB AUTO_INCREMENT=16 DEFAULT CHARSET=utf8mb4;
/*!40101 SET character_set_client = @saved_cs_client */;

--
-- Dumping data for table `meal_detail`
--

LOCK TABLES `meal_detail` WRITE;
/*!40000 ALTER TABLE `meal_detail` DISABLE KEYS */;
INSERT INTO `meal_detail` VALUES
                              (1,78,0,'P072763-ZZ-AVG','오모리 김치찌개라면','test.com',2,281),
                              (2,78,0,'P072764-ZZ-AVG','유어스틈새라면','test.com',2,281),
                              (3,39,0,'P072763-ZZ-AVG','오모리 김치찌개라면','test.com',1,282),
                              (4,39,0,'P072764-ZZ-AVG','유어스틈새라면','test.com',2,282),
                              (5,72,0,'P072763-ZZ-AVG','오모리 김치찌개라면','test.com',2,283),
                              (6,72,0,'P072764-ZZ-AVG','유어스틈새라면','test.com',1,283),
                              (7,98,0,'P072763-ZZ-AVG','오모리 김치찌개라면','test.com',1,284),
                              (8,98,0,'P072764-ZZ-AVG','유어스틈새라면','test.com',1,284),
                              (9,90,0,'P072763-ZZ-AVG','오모리 김치찌개라면','test.com',2,285),
                              (10,90,0,'P072764-ZZ-AVG','유어스틈새라면','test.com',2,285),
                              (11,48,0,'P072763-ZZ-AVG','오모리 김치찌개라면','test.com',2,286),
                              (12,48,0,'P072764-ZZ-AVG','유어스틈새라면','test.com',2,286),
                              (13,93,0,'P072763-ZZ-AVG','오모리 김치찌개라면','test.com',1,287),
                              (14,93,0,'P072764-ZZ-AVG','유어스틈새라면','test.com',1,287),
                              (15,70,0,'P072763-ZZ-AVG','오모리 김치찌개라면','test.com',2,288),
                              (16,70,0,'P072764-ZZ-AVG','유어스틈새라면','test.com',2,288),
                              (17,44,0,'P072763-ZZ-AVG','오모리 김치찌개라면','test.com',2,289),
                              (18,44,0,'P072764-ZZ-AVG','유어스틈새라면','test.com',2,289),
                              (19,86,0,'P072763-ZZ-AVG','오모리 김치찌개라면','test.com',2,290),
                              (20,86,0,'P072764-ZZ-AVG','유어스틈새라면','test.com',2,290),
                              (21,83,0,'P072763-ZZ-AVG','오모리 김치찌개라면','test.com',2,291),
                              (22,83,0,'P072764-ZZ-AVG','유어스틈새라면','test.com',1,291),
                              (23,77,0,'P072763-ZZ-AVG','오모리 김치찌개라면','test.com',1,292),
                              (24,77,0,'P072764-ZZ-AVG','유어스틈새라면','test.com',1,292),
                              (25,67,0,'P072763-ZZ-AVG','오모리 김치찌개라면','test.com',2,293),
                              (26,67,0,'P072764-ZZ-AVG','유어스틈새라면','test.com',2,293),
                              (27,41,0,'P072763-ZZ-AVG','오모리 김치찌개라면','test.com',1,294),
                              (28,41,0,'P072764-ZZ-AVG','유어스틈새라면','test.com',2,294),
                              (29,81,0,'P072763-ZZ-AVG','오모리 김치찌개라면','test.com',1,295),
                              (30,81,0,'P072764-ZZ-AVG','유어스틈새라면','test.com',1,295),
                              (31,36,0,'P072763-ZZ-AVG','오모리 김치찌개라면','test.com',1,296),
                              (32,36,0,'P072764-ZZ-AVG','유어스틈새라면','test.com',2,296),
                              (33,46,0,'P072763-ZZ-AVG','오모리 김치찌개라면','test.com',1,297),
                              (34,46,0,'P072764-ZZ-AVG','유어스틈새라면','test.com',2,297),
                              (35,56,0,'P072763-ZZ-AVG','오모리 김치찌개라면','test.com',2,298),
                              (36,56,0,'P072764-ZZ-AVG','유어스틈새라면','test.com',1,298),
                              (37,78,0,'P072763-ZZ-AVG','오모리 김치찌개라면','test.com',2,299),
                              (38,78,0,'P072764-ZZ-AVG','유어스틈새라면','test.com',1,299),
                              (39,35,0,'P072763-ZZ-AVG','오모리 김치찌개라면','test.com',1,300),
                              (40,35,0,'P072764-ZZ-AVG','유어스틈새라면','test.com',1,300),
                              (41,37,0,'P072763-ZZ-AVG','오모리 김치찌개라면','test.com',1,301),
                              (42,37,0,'P072764-ZZ-AVG','유어스틈새라면','test.com',2,301),
                              (43,70,0,'P072763-ZZ-AVG','오모리 김치찌개라면','test.com',1,302),
                              (44,70,0,'P072764-ZZ-AVG','유어스틈새라면','test.com',2,302),
                              (45,72,0,'P072763-ZZ-AVG','오모리 김치찌개라면','test.com',2,303),
                              (46,72,0,'P072764-ZZ-AVG','유어스틈새라면','test.com',1,303),
                              (47,71,0,'P072763-ZZ-AVG','오모리 김치찌개라면','test.com',1,304),
                              (48,71,0,'P072764-ZZ-AVG','유어스틈새라면','test.com',2,304),
                              (49,48,0,'P072763-ZZ-AVG','오모리 김치찌개라면','test.com',1,305),
                              (50,48,0,'P072764-ZZ-AVG','유어스틈새라면','test.com',1,305),
                              (51,30,0,'P072763-ZZ-AVG','오모리 김치찌개라면','test.com',1,306),
                              (52,30,0,'P072764-ZZ-AVG','유어스틈새라면','test.com',1,306),
                              (53,68,0,'P072763-ZZ-AVG','오모리 김치찌개라면','test.com',1,307),
                              (54,68,0,'P072764-ZZ-AVG','유어스틈새라면','test.com',2,307),
                              (55,39,0,'P072763-ZZ-AVG','오모리 김치찌개라면','test.com',2,308),
                              (56,39,0,'P072764-ZZ-AVG','유어스틈새라면','test.com',2,308),
                              (57,61,0,'P072763-ZZ-AVG','오모리 김치찌개라면','test.com',2,309),
                              (58,61,0,'P072764-ZZ-AVG','유어스틈새라면','test.com',2,309),
                              (59,56,0,'P072763-ZZ-AVG','오모리 김치찌개라면','test.com',1,310),
                              (60,56,0,'P072764-ZZ-AVG','유어스틈새라면','test.com',1,310),
                              (61,92,0,'P072763-ZZ-AVG','오모리 김치찌개라면','test.com',1,311),
                              (62,92,0,'P072764-ZZ-AVG','유어스틈새라면','test.com',1,311),
                              (63,70,0,'P072763-ZZ-AVG','오모리 김치찌개라면','test.com',1,312),
                              (64,70,0,'P072764-ZZ-AVG','유어스틈새라면','test.com',1,312),
                              (65,50,0,'P072763-ZZ-AVG','오모리 김치찌개라면','test.com',2,313),
                              (66,50,0,'P072764-ZZ-AVG','유어스틈새라면','test.com',2,313),
                              (67,82,0,'P072763-ZZ-AVG','오모리 김치찌개라면','test.com',2,314),
                              (68,82,0,'P072764-ZZ-AVG','유어스틈새라면','test.com',2,314),
                              (69,98,0,'P072763-ZZ-AVG','오모리 김치찌개라면','test.com',2,315),
                              (70,98,0,'P072764-ZZ-AVG','유어스틈새라면','test.com',1,315),
                              (71,88,0,'P072763-ZZ-AVG','오모리 김치찌개라면','test.com',1,316),
                              (72,88,0,'P072764-ZZ-AVG','유어스틈새라면','test.com',1,316),
                              (73,97,0,'P072763-ZZ-AVG','오모리 김치찌개라면','test.com',2,317),
                              (74,97,0,'P072764-ZZ-AVG','유어스틈새라면','test.com',2,317),
                              (75,67,0,'P072763-ZZ-AVG','오모리 김치찌개라면','test.com',1,318),
                              (76,67,0,'P072764-ZZ-AVG','유어스틈새라면','test.com',1,318),
                              (77,92,0,'P072763-ZZ-AVG','오모리 김치찌개라면','test.com',1,319),
                              (78,92,0,'P072764-ZZ-AVG','유어스틈새라면','test.com',2,319),
                              (79,67,0,'P072763-ZZ-AVG','오모리 김치찌개라면','test.com',1,320),
                              (80,67,0,'P072764-ZZ-AVG','유어스틈새라면','test.com',1,320),
                              (81,80,0,'P072763-ZZ-AVG','오모리 김치찌개라면','test.com',1,321),
                              (82,80,0,'P072764-ZZ-AVG','유어스틈새라면','test.com',2,321),
                              (83,86,0,'P072763-ZZ-AVG','오모리 김치찌개라면','test.com',1,322),
                              (84,86,0,'P072764-ZZ-AVG','유어스틈새라면','test.com',1,322),
                              (85,67,0,'P072763-ZZ-AVG','오모리 김치찌개라면','test.com',2,323),
                              (86,67,0,'P072764-ZZ-AVG','유어스틈새라면','test.com',2,323),
                              (87,39,0,'P072763-ZZ-AVG','오모리 김치찌개라면','test.com',1,324),
                              (88,39,0,'P072764-ZZ-AVG','유어스틈새라면','test.com',1,324),
                              (89,32,0,'P072763-ZZ-AVG','오모리 김치찌개라면','test.com',1,325),
                              (90,32,0,'P072764-ZZ-AVG','유어스틈새라면','test.com',2,325),
                              (91,82,0,'P072763-ZZ-AVG','오모리 김치찌개라면','test.com',2,326),
                              (92,82,0,'P072764-ZZ-AVG','유어스틈새라면','test.com',2,326),
                              (93,42,0,'P072763-ZZ-AVG','오모리 김치찌개라면','test.com',1,327),
                              (94,42,0,'P072764-ZZ-AVG','유어스틈새라면','test.com',2,327),
                              (95,49,0,'P072763-ZZ-AVG','오모리 김치찌개라면','test.com',1,328),
                              (96,49,0,'P072764-ZZ-AVG','유어스틈새라면','test.com',1,328),
                              (97,86,0,'P072763-ZZ-AVG','오모리 김치찌개라면','test.com',2,329),
                              (98,86,0,'P072764-ZZ-AVG','유어스틈새라면','test.com',1,329),
                              (99,77,0,'P072763-ZZ-AVG','오모리 김치찌개라면','test.com',2,330),
                              (100,77,0,'P072764-ZZ-AVG','유어스틈새라면','test.com',2,330),
                              (101,92,0,'P072763-ZZ-AVG','오모리 김치찌개라면','test.com',1,331),
                              (102,92,0,'P072764-ZZ-AVG','유어스틈새라면','test.com',1,331),
                              (103,89,0,'P072763-ZZ-AVG','오모리 김치찌개라면','test.com',1,332),
                              (104,89,0,'P072764-ZZ-AVG','유어스틈새라면','test.com',1,332),
                              (105,68,0,'P072763-ZZ-AVG','오모리 김치찌개라면','test.com',2,333),
                              (106,68,0,'P072764-ZZ-AVG','유어스틈새라면','test.com',2,333),
                              (107,59,0,'P072763-ZZ-AVG','오모리 김치찌개라면','test.com',1,334),
                              (108,59,0,'P072764-ZZ-AVG','유어스틈새라면','test.com',1,334),
                              (109,36,0,'P072763-ZZ-AVG','오모리 김치찌개라면','test.com',1,335),
                              (110,36,0,'P072764-ZZ-AVG','유어스틈새라면','test.com',1,335),
                              (111,65,0,'P072763-ZZ-AVG','오모리 김치찌개라면','test.com',1,336),
                              (112,65,0,'P072764-ZZ-AVG','유어스틈새라면','test.com',1,336),
                              (113,48,0,'P072763-ZZ-AVG','오모리 김치찌개라면','test.com',1,337),
                              (114,48,0,'P072764-ZZ-AVG','유어스틈새라면','test.com',2,337),
                              (115,97,0,'P072763-ZZ-AVG','오모리 김치찌개라면','test.com',2,338),
                              (116,97,0,'P072764-ZZ-AVG','유어스틈새라면','test.com',2,338),
                              (117,78,0,'P072763-ZZ-AVG','오모리 김치찌개라면','test.com',2,339),
                              (118,78,0,'P072764-ZZ-AVG','유어스틈새라면','test.com',1,339),
                              (119,37,0,'P072763-ZZ-AVG','오모리 김치찌개라면','test.com',2,340),
                              (120,37,0,'P072764-ZZ-AVG','유어스틈새라면','test.com',2,340),
                              (121,42,0,'P072763-ZZ-AVG','오모리 김치찌개라면','test.com',2,341),
                              (122,42,0,'P072764-ZZ-AVG','유어스틈새라면','test.com',1,341),
                              (123,42,0,'P072763-ZZ-AVG','오모리 김치찌개라면','test.com',2,342),
                              (124,42,0,'P072764-ZZ-AVG','유어스틈새라면','test.com',1,342),
                              (125,54,0,'P072763-ZZ-AVG','오모리 김치찌개라면','test.com',2,343),
                              (126,54,0,'P072764-ZZ-AVG','유어스틈새라면','test.com',2,343),
                              (127,93,0,'P072763-ZZ-AVG','오모리 김치찌개라면','test.com',1,344),
                              (128,93,0,'P072764-ZZ-AVG','유어스틈새라면','test.com',2,344),
                              (129,61,0,'P072763-ZZ-AVG','오모리 김치찌개라면','test.com',2,345),
                              (130,61,0,'P072764-ZZ-AVG','유어스틈새라면','test.com',2,345),
                              (131,38,0,'P072763-ZZ-AVG','오모리 김치찌개라면','test.com',1,346),
                              (132,38,0,'P072764-ZZ-AVG','유어스틈새라면','test.com',2,346),
                              (133,72,0,'P072763-ZZ-AVG','오모리 김치찌개라면','test.com',1,347),
                              (134,72,0,'P072764-ZZ-AVG','유어스틈새라면','test.com',1,347),
                              (135,67,0,'P072763-ZZ-AVG','오모리 김치찌개라면','test.com',1,348),
                              (136,67,0,'P072764-ZZ-AVG','유어스틈새라면','test.com',2,348),
                              (137,67,0,'P072763-ZZ-AVG','오모리 김치찌개라면','test.com',2,349),
                              (138,67,0,'P072764-ZZ-AVG','유어스틈새라면','test.com',2,349),
                              (139,91,0,'P072763-ZZ-AVG','오모리 김치찌개라면','test.com',1,350),
                              (140,91,0,'P072764-ZZ-AVG','유어스틈새라면','test.com',1,350),
                              (141,98,0,'P072763-ZZ-AVG','오모리 김치찌개라면','test.com',2,351),
                              (142,98,0,'P072764-ZZ-AVG','유어스틈새라면','test.com',1,351),
                              (143,31,0,'P072763-ZZ-AVG','오모리 김치찌개라면','test.com',2,352),
                              (144,31,0,'P072764-ZZ-AVG','유어스틈새라면','test.com',1,352),
                              (145,70,0,'P072763-ZZ-AVG','오모리 김치찌개라면','test.com',1,353),
                              (146,70,0,'P072764-ZZ-AVG','유어스틈새라면','test.com',1,353),
                              (147,47,0,'P072763-ZZ-AVG','오모리 김치찌개라면','test.com',2,354),
                              (148,47,0,'P072764-ZZ-AVG','유어스틈새라면','test.com',1,354),
                              (149,69,0,'P072763-ZZ-AVG','오모리 김치찌개라면','test.com',1,355),
                              (150,69,0,'P072764-ZZ-AVG','유어스틈새라면','test.com',2,355),
                              (151,55,0,'P072763-ZZ-AVG','오모리 김치찌개라면','test.com',1,356),
                              (152,55,0,'P072764-ZZ-AVG','유어스틈새라면','test.com',2,356),
                              (153,93,0,'P072763-ZZ-AVG','오모리 김치찌개라면','test.com',2,357),
                              (154,93,0,'P072764-ZZ-AVG','유어스틈새라면','test.com',1,357),
                              (155,83,0,'P072763-ZZ-AVG','오모리 김치찌개라면','test.com',2,358),
                              (156,83,0,'P072764-ZZ-AVG','유어스틈새라면','test.com',1,358),
                              (157,43,0,'P072763-ZZ-AVG','오모리 김치찌개라면','test.com',1,359),
                              (158,43,0,'P072764-ZZ-AVG','유어스틈새라면','test.com',2,359),
                              (159,75,0,'P072763-ZZ-AVG','오모리 김치찌개라면','test.com',1,360),
                              (160,75,0,'P072764-ZZ-AVG','유어스틈새라면','test.com',1,360),
                              (161,37,0,'P072763-ZZ-AVG','오모리 김치찌개라면','test.com',1,361),
                              (162,37,0,'P072764-ZZ-AVG','유어스틈새라면','test.com',1,361),
                              (163,72,0,'P072763-ZZ-AVG','오모리 김치찌개라면','test.com',2,362),
                              (164,72,0,'P072764-ZZ-AVG','유어스틈새라면','test.com',2,362),
                              (165,84,0,'P072763-ZZ-AVG','오모리 김치찌개라면','test.com',2,363),
                              (166,84,0,'P072764-ZZ-AVG','유어스틈새라면','test.com',1,363),
                              (167,38,0,'P072763-ZZ-AVG','오모리 김치찌개라면','test.com',1,364),
                              (168,38,0,'P072764-ZZ-AVG','유어스틈새라면','test.com',1,364),
                              (169,45,0,'P072763-ZZ-AVG','오모리 김치찌개라면','test.com',1,365),
                              (170,45,0,'P072764-ZZ-AVG','유어스틈새라면','test.com',1,365),
                              (171,43,0,'P072763-ZZ-AVG','오모리 김치찌개라면','test.com',2,366),
                              (172,43,0,'P072764-ZZ-AVG','유어스틈새라면','test.com',2,366),
                              (173,94,0,'P072763-ZZ-AVG','오모리 김치찌개라면','test.com',1,367),
                              (174,94,0,'P072764-ZZ-AVG','유어스틈새라면','test.com',1,367),
                              (175,47,0,'P072763-ZZ-AVG','오모리 김치찌개라면','test.com',1,368),
                              (176,47,0,'P072764-ZZ-AVG','유어스틈새라면','test.com',2,368),
                              (177,50,0,'P072763-ZZ-AVG','오모리 김치찌개라면','test.com',2,369),
                              (178,50,0,'P072764-ZZ-AVG','유어스틈새라면','test.com',1,369),
                              (179,89,0,'P072763-ZZ-AVG','오모리 김치찌개라면','test.com',1,370),
                              (180,89,0,'P072764-ZZ-AVG','유어스틈새라면','test.com',1,370);
/*!40000 ALTER TABLE `meal_detail` ENABLE KEYS */;
UNLOCK TABLES;

--
-- Table structure for table `medicine`
--

/*!40101 SET @saved_cs_client     = @@character_set_client */;
/*!40101 SET character_set_client = utf8 */;
CREATE TABLE `medicine` (
                            `record_id` bigint(20) NOT NULL,
                            PRIMARY KEY (`record_id`),
                            CONSTRAINT `FKbficec3b7sw1vk5vtsybv5ox2` FOREIGN KEY (`record_id`) REFERENCES `record` (`record_id`)
) ENGINE=InnoDB DEFAULT CHARSET=utf8mb4;
/*!40101 SET character_set_client = @saved_cs_client */;

--
-- Dumping data for table `medicine`
--

LOCK TABLES `medicine` WRITE;
/*!40000 ALTER TABLE `medicine` DISABLE KEYS */;
INSERT INTO `medicine` VALUES
                           (271),
                           (272),
                           (273),
                           (274),
                           (275),
                           (276),
                           (277),
                           (278),
                           (279),
                           (280);
/*!40000 ALTER TABLE `medicine` ENABLE KEYS */;
UNLOCK TABLES;

--
-- Table structure for table `medicine_detail`
--

/*!40101 SET @saved_cs_client     = @@character_set_client */;
/*!40101 SET character_set_client = utf8 */;
CREATE TABLE `medicine_detail` (
                                   `medicine_detail_id` bigint(20) NOT NULL AUTO_INCREMENT,
                                   `medicine_cnt` int(11) NOT NULL,
                                   `medicine_real_id` varchar(255) DEFAULT NULL,
                                   `medicine_name` varchar(50) NOT NULL,
                                   `medicine_id` bigint(20) DEFAULT NULL,
                                   PRIMARY KEY (`medicine_detail_id`),
                                   KEY `FKq0vbijxavppu6lsk5mlkxxe91` (`medicine_id`),
                                   CONSTRAINT `FKq0vbijxavppu6lsk5mlkxxe91` FOREIGN KEY (`medicine_id`) REFERENCES `medicine` (`record_id`)
) ENGINE=InnoDB AUTO_INCREMENT=26 DEFAULT CHARSET=utf8mb4;
/*!40101 SET character_set_client = @saved_cs_client */;

--
-- Dumping data for table `medicine_detail`
--

LOCK TABLES `medicine_detail` WRITE;
/*!40000 ALTER TABLE `medicine_detail` DISABLE KEYS */;
INSERT INTO `medicine_detail` VALUES
                                  (1,2,'FP1234','센트롬',271),
                                  (2,1,'FP1234-12','센트롬 포맨',271),
                                  (3,1,'FP1234','센트롬',272),
                                  (4,1,'FP1234-12','센트롬 포맨',272),
                                  (5,1,'FP1234','센트롬',273),
                                  (6,2,'FP1234-12','센트롬 포맨',273),
                                  (7,2,'FP1234','센트롬',274),
                                  (8,1,'FP1234-12','센트롬 포맨',274),
                                  (9,1,'FP1234','센트롬',275),
                                  (10,1,'FP1234-12','센트롬 포맨',275),
                                  (11,1,'FP1234','센트롬',276),
                                  (12,1,'FP1234-12','센트롬 포맨',276),
                                  (13,1,'FP1234','센트롬',277),
                                  (14,1,'FP1234-12','센트롬 포맨',277),
                                  (15,2,'FP1234','센트롬',278),
                                  (16,2,'FP1234-12','센트롬 포맨',278),
                                  (17,2,'FP1234','센트롬',279),
                                  (18,1,'FP1234-12','센트롬 포맨',279),
                                  (19,1,'FP1234','센트롬',280),
                                  (20,1,'FP1234-12','센트롬 포맨',280);
/*!40000 ALTER TABLE `medicine_detail` ENABLE KEYS */;
UNLOCK TABLES;

--
-- Table structure for table `record`
--



--
-- Dumping data for table `record`
--




/*!40103 SET TIME_ZONE=@OLD_TIME_ZONE */;

/*!40101 SET SQL_MODE=@OLD_SQL_MODE */;
/*!40014 SET FOREIGN_KEY_CHECKS=@OLD_FOREIGN_KEY_CHECKS */;
/*!40014 SET UNIQUE_CHECKS=@OLD_UNIQUE_CHECKS */;
/*!40101 SET CHARACTER_SET_CLIENT=@OLD_CHARACTER_SET_CLIENT */;
/*!40101 SET CHARACTER_SET_RESULTS=@OLD_CHARACTER_SET_RESULTS */;
/*!40101 SET COLLATION_CONNECTION=@OLD_COLLATION_CONNECTION */;
/*!40111 SET SQL_NOTES=@OLD_SQL_NOTES */;

-- Dump completed on 2022-09-26 12:17:51
